[
  {
    "model": "users.customuser",
    "pk": 1,
    "fields": {
      "password": "pbkdf2_sha256$720000$5wBh49EqfAoyPE7Jvs0LXB$bjWhdEA+lFn1CYHlMq8mae7EClI981VBvR7f4h/y6zc=",
      "last_login": "2024-09-21T07:04:16.170Z",
      "is_superuser": true,
      "first_name": "",
      "last_name": "",
      "is_staff": true,
      "is_active": true,
      "date_joined": "2024-09-21T07:04:00.487Z",
      "username": null,
      "info": null,
      "email": "andreymazo@mail.ru",
      "is_banned": false,
      "banned_at": null,
      "changed_at": "2024-09-21T07:04:00.487Z",
      "groups": [],
      "user_permissions": []
    }
  },
  {
    "model": "users.customuser",
    "pk": 2,
    "fields": {
      "password": "qwert123asd",
      "last_login": null,
      "is_superuser": false,
      "first_name": "",
      "last_name": "",
      "is_staff": true,
      "is_active": false,
      "date_joined": "2024-09-21T07:05:01.207Z",
      "username": null,
      "info": null,
      "email": "adsf@arfg.com",
      "is_banned": false,
      "banned_at": null,
      "changed_at": "2024-09-21T07:05:01.207Z",
      "groups": [],
      "user_permissions": []
    }
  },
  {
    "model": "users.customuser",
    "pk": 3,
    "fields": {
      "password": "qwert123asd",
      "last_login": null,
      "is_superuser": false,
      "first_name": "",
      "last_name": "",
      "is_staff": true,
      "is_active": false,
      "date_joined": "2024-09-21T07:05:01.216Z",
      "username": null,
      "info": null,
      "email": "lkgr@agr.agr",
      "is_banned": false,
      "banned_at": null,
      "changed_at": "2024-09-21T07:05:01.216Z",
      "groups": [],
      "user_permissions": []
    }
  },
  {
    "model": "users.customuser",
    "pk": 4,
    "fields": {
      "password": "qwert123asd",
      "last_login": null,
      "is_superuser": false,
      "first_name": "",
      "last_name": "",
      "is_staff": true,
      "is_active": false,
      "date_joined": "2024-09-21T07:05:01.220Z",
      "username": null,
      "info": null,
      "email": "asf1@adgf.fd",
      "is_banned": false,
      "banned_at": null,
      "changed_at": "2024-09-21T07:05:01.220Z",
      "groups": [],
      "user_permissions": []
    }
  },
  {
    "model": "users.profile",
    "pk": 1,
    "fields": {
      "user": 1,
      "phone_number": "+7854328954",
      "name": "Kirill",
      "content_type": 22,
      "object_id": 1
    }
  },
  {
    "model": "users.profile",
    "pk": 2,
    "fields": {
      "user": 2,
      "phone_number": "+78095326765",
      "name": "Serega",
      "content_type": 22,
      "object_id": 2
    }
  },
  {
    "model": "users.profile",
    "pk": 3,
    "fields": {
      "user": 3,
      "phone_number": "+7897234980",
      "name": "Max",
      "content_type": 22,
      "object_id": 3
    }
  },
  {
    "model": "users.profile",
    "pk": 4,
    "fields": {
      "user": 4,
      "phone_number": "+798345975",
      "name": "Sasha",
      "content_type": 22,
      "object_id": 4
    }
  },
  {
    "model": "users.notification",
    "pk": 1,
    "fields": {
      "text": "Это тест должно  идти в счет не прочитанных сообщений при входе",
      "user": 1,
      "key_to_recepient": null,
      "viewed": false
    }
  },
  {
    "model": "users.notification",
    "pk": 2,
    "fields": {
      "text": "Это 2222 тест должно  идти в счет не прочитанных сообщений при входе",
      "user": 1,
      "key_to_recepient": null,
      "viewed": false
    }
  },
  {
    "model": "users.notification",
    "pk": 3,
    "fields": {
      "text": "3 тест не должно идти в счет не прочитанных при входе",
      "user": 1,
      "key_to_recepient": null,
      "viewed": true
    }
  },
  {
    "model": "users.notification",
    "pk": 4,
    "fields": {
      "text": "тест1",
      "user": 2,
      "key_to_recepient": null,
      "viewed": true
    }
  },
  {
    "model": "users.notification",
    "pk": 5,
    "fields": {
      "text": "тест2",
      "user": 2,
      "key_to_recepient": null,
      "viewed": false
    }
  },
  {
    "model": "users.notification",
    "pk": 6,
    "fields": {
      "text": "тест1",
      "user": 3,
      "key_to_recepient": null,
      "viewed": false
    }
  },
  {
    "model": "users.notification",
    "pk": 7,
    "fields": {
      "text": "тест2",
      "user": 3,
      "key_to_recepient": null,
      "viewed": false
    }
  },
  {
    "model": "users.notification",
    "pk": 8,
    "fields": {
      "text": "тест3",
      "user": 3,
      "key_to_recepient": null,
      "viewed": false
    }
  },
  {
    "model": "users.notification",
    "pk": 9,
    "fields": {
      "text": "теееест",
      "user": 4,
      "key_to_recepient": null,
      "viewed": true
    }
  },
  {
    "model": "ad.category",
    "pk": 1,
    "fields": {
      "name": "Транспорт",
      "parent": null,
      "lft": 1,
      "rght": 10,
      "tree_id": 4,
      "level": 0
    }
  },
  {
    "model": "ad.category",
    "pk": 2,
    "fields": {
      "name": "Недвижимость",
      "parent": null,
      "lft": 1,
      "rght": 18,
      "tree_id": 3,
      "level": 0
    }
  },
  {
    "model": "ad.category",
    "pk": 3,
    "fields": {
      "name": "Личные вещи",
      "parent": null,
      "lft": 1,
      "rght": 14,
      "tree_id": 2,
      "level": 0
    }
  },
  {
    "model": "ad.category",
    "pk": 4,
    "fields": {
      "name": "Электроника",
      "parent": null,
      "lft": 1,
      "rght": 2,
      "tree_id": 6,
      "level": 0
    }
  },
  {
    "model": "ad.category",
    "pk": 5,
    "fields": {
      "name": "Животные",
      "parent": null,
      "lft": 1,
      "rght": 2,
      "tree_id": 1,
      "level": 0
    }
  },
  {
    "model": "ad.category",
    "pk": 6,
    "fields": {
      "name": "Услуги",
      "parent": null,
      "lft": 1,
      "rght": 14,
      "tree_id": 5,
      "level": 0
    }
  },
  {
    "model": "ad.category",
    "pk": 7,
    "fields": {
      "name": "Грузоперевозки",
      "parent": 6,
      "lft": 4,
      "rght": 5,
      "tree_id": 5,
      "level": 1
    }
  },
  {
    "model": "ad.category",
    "pk": 8,
    "fields": {
      "name": "Строительство",
      "parent": 6,
      "lft": 12,
      "rght": 13,
      "tree_id": 5,
      "level": 1
    }
  },
  {
    "model": "ad.category",
    "pk": 9,
    "fields": {
      "name": "Грузчики, Складские услуги",
      "parent": 6,
      "lft": 6,
      "rght": 7,
      "tree_id": 5,
      "level": 1
    }
  },
  {
    "model": "ad.category",
    "pk": 10,
    "fields": {
      "name": "Аренда авто",
      "parent": 6,
      "lft": 2,
      "rght": 3,
      "tree_id": 5,
      "level": 1
    }
  },
  {
    "model": "ad.category",
    "pk": 11,
    "fields": {
      "name": "Ремонт, отделка",
      "parent": 6,
      "lft": 10,
      "rght": 11,
      "tree_id": 5,
      "level": 1
    }
  },
  {
    "model": "ad.category",
    "pk": 12,
    "fields": {
      "name": "Красота и здоровье",
      "parent": 6,
      "lft": 8,
      "rght": 9,
      "tree_id": 5,
      "level": 1
    }
  },
  {
    "model": "ad.category",
    "pk": 13,
    "fields": {
      "name": "Автомобили",
      "parent": 1,
      "lft": 2,
      "rght": 3,
      "tree_id": 4,
      "level": 1
    }
  },
  {
    "model": "ad.category",
    "pk": 14,
    "fields": {
      "name": "Мотоциклы",
      "parent": 1,
      "lft": 8,
      "rght": 9,
      "tree_id": 4,
      "level": 1
    }
  },
  {
    "model": "ad.category",
    "pk": 15,
    "fields": {
      "name": "Водный транспорт",
      "parent": 1,
      "lft": 4,
      "rght": 5,
      "tree_id": 4,
      "level": 1
    }
  },
  {
    "model": "ad.category",
    "pk": 16,
    "fields": {
      "name": "Грузовая техника",
      "parent": 1,
      "lft": 6,
      "rght": 7,
      "tree_id": 4,
      "level": 1
    }
  },
  {
    "model": "ad.category",
    "pk": 17,
    "fields": {
      "name": "Купить жильё",
      "parent": 2,
      "lft": 4,
      "rght": 13,
      "tree_id": 3,
      "level": 1
    }
  },
  {
    "model": "ad.category",
    "pk": 18,
    "fields": {
      "name": "Снять долгосрочно",
      "parent": 2,
      "lft": 14,
      "rght": 15,
      "tree_id": 3,
      "level": 1
    }
  },
  {
    "model": "ad.category",
    "pk": 19,
    "fields": {
      "name": "Снять посуточно",
      "parent": 2,
      "lft": 16,
      "rght": 17,
      "tree_id": 3,
      "level": 1
    }
  },
  {
    "model": "ad.category",
    "pk": 20,
    "fields": {
      "name": "Коммерческая недвижимость",
      "parent": 2,
      "lft": 2,
      "rght": 3,
      "tree_id": 3,
      "level": 1
    }
  },
  {
    "model": "ad.category",
    "pk": 21,
    "fields": {
      "name": "Квартиры",
      "parent": 17,
      "lft": 9,
      "rght": 10,
      "tree_id": 3,
      "level": 2
    }
  },
  {
    "model": "ad.category",
    "pk": 22,
    "fields": {
      "name": "Дома",
      "parent": 17,
      "lft": 5,
      "rght": 6,
      "tree_id": 3,
      "level": 2
    }
  },
  {
    "model": "ad.category",
    "pk": 23,
    "fields": {
      "name": "Комнаты",
      "parent": 17,
      "lft": 11,
      "rght": 12,
      "tree_id": 3,
      "level": 2
    }
  },
  {
    "model": "ad.category",
    "pk": 24,
    "fields": {
      "name": "Земельные участки",
      "parent": 17,
      "lft": 7,
      "rght": 8,
      "tree_id": 3,
      "level": 2
    }
  },
  {
    "model": "ad.category",
    "pk": 25,
    "fields": {
      "name": "Мужская одежда",
      "parent": 3,
      "lft": 10,
      "rght": 11,
      "tree_id": 2,
      "level": 1
    }
  },
  {
    "model": "ad.category",
    "pk": 26,
    "fields": {
      "name": "Мужская обувь",
      "parent": 3,
      "lft": 8,
      "rght": 9,
      "tree_id": 2,
      "level": 1
    }
  },
  {
    "model": "ad.category",
    "pk": 27,
    "fields": {
      "name": "Женская одежда",
      "parent": 3,
      "lft": 6,
      "rght": 7,
      "tree_id": 2,
      "level": 1
    }
  },
  {
    "model": "ad.category",
    "pk": 28,
    "fields": {
      "name": "Женская обувь",
      "parent": 3,
      "lft": 4,
      "rght": 5,
      "tree_id": 2,
      "level": 1
    }
  },
  {
    "model": "ad.category",
    "pk": 29,
    "fields": {
      "name": "Детская одежда и обувь",
      "parent": 3,
      "lft": 2,
      "rght": 3,
      "tree_id": 2,
      "level": 1
    }
  },
  {
    "model": "ad.category",
    "pk": 30,
    "fields": {
      "name": "Сумки, рюкзаки, чемоданы",
      "parent": 3,
      "lft": 12,
      "rght": 13,
      "tree_id": 2,
      "level": 1
    }
  },
  {
    "model": "ad.car",
    "pk": 1,
    "fields": {
      "title": null,
      "created": "2024-07-21T07:08:45.747Z",
      "changed": "2024-09-21T07:05:37.569Z",
      "moderation": false,
      "archived": false,
      "category": 13,
      "by_mileage": "ALL",
      "brand": "Audi",
      "model": "test",
      "price": "1000000",
      "year": 2024,
      "mileage": 200000,
      "transmission": null,
      "by_wheel_drive": null,
      "engine_capacity": null,
      "engine_power": null,
      "fuel_consumption": null,
      "location": null,
      "type": null,
      "colour": null,
      "fuel": null,
      "add_parametres": null,
      "description": "Very well car",
      "content_type": 25,
      "object_id": 1
    }
  },
  {
    "model": "ad.car",
    "pk": 2,
    "fields": {
      "title": null,
      "created": "2024-09-21T07:05:37.578Z",
      "changed": "2024-09-21T07:05:37.578Z",
      "moderation": false,
      "archived": false,
      "category": 13,
      "by_mileage": "",
      "brand": "",
      "model": "",
      "price": "",
      "year": 2024,
      "mileage": 100000,
      "transmission": "MECHANICAL",
      "by_wheel_drive": null,
      "engine_capacity": null,
      "engine_power": null,
      "fuel_consumption": null,
      "location": null,
      "type": null,
      "colour": null,
      "fuel": null,
      "add_parametres": null,
      "description": "Much joy vehicle",
      "content_type": 25,
      "object_id": 4
    }
  },
  {
    "model": "ad.images",
    "pk": 1,
    "fields": {
      "title": null,
      "image": "media/images/Screenshot_from_2024-07-22_12-52-04.png",
      "profile": null,
      "created": "2024-09-21T07:05:37.576Z",
      "changed": "2024-09-21T07:05:37.576Z",
      "content_type": 18,
      "object_id": 1
    }
  },
  {
    "model": "ad.images",
    "pk": 2,
    "fields": {
      "title": null,
      "image": "media/images/Screenshot_from_2024-07-24_10-28-11_cCIxuaC.png",
      "profile": null,
      "created": "2024-09-21T07:05:37.579Z",
      "changed": "2024-09-21T07:05:37.579Z",
      "content_type": 18,
      "object_id": 2
    }
  },
  {
    "model": "ad.menclothes",
    "pk": 1,
    "fields": {
      "title": null,
      "created": "2024-09-21T07:05:52.449Z",
      "changed": "2024-09-21T07:05:52.449Z",
      "moderation": false,
      "archived": false,
      "price": 2000,
      "description": "",
      "category": 25,
      "size": "",
      "content_type": 25,
      "object_id": 1
    }
  },
  {
    "model": "ad.menclothes",
    "pk": 2,
    "fields": {
      "title": null,
      "created": "2024-09-21T07:05:52.463Z",
      "changed": "2024-09-21T07:05:52.463Z",
      "moderation": false,
      "archived": false,
      "price": 3000,
      "description": "",
      "category": 25,
      "size": "",
      "content_type": 25,
      "object_id": 4
    }
  },
  {
    "model": "ad.wemenclothes",
    "pk": 1,
    "fields": {
      "title": null,
      "created": "2024-09-21T08:59:57.515Z",
      "changed": "2024-09-21T07:05:52.455Z",
      "moderation": false,
      "archived": false,
      "price": 2000,
      "description": "Старое тряпье",
      "category": 27,
      "content_type": 25,
      "object_id": 1
    }
  },
  {
    "model": "ad.wemenclothes",
    "pk": 2,
    "fields": {
      "title": null,
      "created": "2024-09-21T07:05:52.464Z",
      "changed": "2024-09-21T07:05:52.464Z",
      "moderation": false,
      "archived": false,
      "price": 3000,
      "description": "",
      "category": 27,
      "content_type": 25,
      "object_id": 4
    }
  },
  {
    "model": "ad.menshoes",
    "pk": 1,
    "fields": {
      "title": null,
      "created": "2024-09-23T07:05:52.457Z",
      "changed": "2024-09-21T07:05:52.457Z",
      "moderation": false,
      "archived": false,
      "price": 2000,
      "description": "",
      "category": 26,
      "content_type": 25,
      "object_id": 1
    }
  },
  {
    "model": "ad.menshoes",
    "pk": 2,
    "fields": {
      "title": null,
      "created": "2024-09-21T07:05:52.465Z",
      "changed": "2024-09-21T07:05:52.465Z",
      "moderation": false,
      "archived": false,
      "price": 3000,
      "description": "",
      "category": 26,
      "content_type": 25,
      "object_id": 4
    }
  },
  {
    "model": "ad.wemenshoes",
    "pk": 1,
    "fields": {
      "title": null,
      "created": "2024-09-21T07:05:52.458Z",
      "changed": "2024-09-21T07:05:52.458Z",
      "moderation": false,
      "archived": false,
      "price": 2000,
      "description": "",
      "category": 28,
      "content_type": 25,
      "object_id": 1
    }
  },
  {
    "model": "ad.wemenshoes",
    "pk": 2,
    "fields": {
      "title": null,
      "created": "2024-09-21T07:05:52.466Z",
      "changed": "2024-09-21T07:05:52.466Z",
      "moderation": false,
      "archived": false,
      "price": 3000,
      "description": "",
      "category": 28,
      "content_type": 25,
      "object_id": 4
    }
  },
  {
    "model": "ad.childclothesshoes",
    "pk": 1,
    "fields": {
      "title": null,
      "created": "2024-03-21T07:05:52.460Z",
      "changed": "2024-09-21T07:05:52.460Z",
      "moderation": false,
      "archived": false,
      "price": 2000,
      "description": "",
      "category": 29,
      "content_type": 25,
      "object_id": 1
    }
  },
  {
    "model": "ad.childclothesshoes",
    "pk": 2,
    "fields": {
      "title": null,
      "created": "2024-08-21T07:05:52.467Z",
      "changed": "2024-09-21T07:05:52.467Z",
      "moderation": false,
      "archived": false,
      "price": 3000,
      "description": "",
      "category": 29,
      "content_type": 25,
      "object_id": 4
    }
  },
  {
    "model": "ad.bagsknapsacks",
    "pk": 1,
    "fields": {
      "title": null,
      "created": "2024-09-21T07:05:52.461Z",
      "changed": "2024-09-21T07:05:52.461Z",
      "moderation": false,
      "archived": false,
      "price": 2000,
      "description": "",
      "category": 30,
      "content_type": 25,
      "object_id": 1
    }
  },
  {
    "model": "ad.bagsknapsacks",
    "pk": 2,
    "fields": {
      "title": null,
      "created": "2024-08-20T07:05:52.468Z",
      "changed": "2024-09-21T07:05:52.468Z",
      "moderation": false,
      "archived": false,
      "price": 3000,
      "description": "",
      "category": 30,
      "content_type": 25,
      "object_id": 4
    }
  },
  {
    "model": "personal_account.currencies",
    "pk": 1,
    "fields": {
      "usd_rate": "1.00",
      "eur_rate": "1.00"
    }
  },
  {
    "model": "personal_account.balance",
    "pk": 1,
    "fields": {
      "balance": "250.00",
      "currency": "RUB",
      "user": 1
    }
  },
  {
    "model": "personal_account.balance",
    "pk": 2,
    "fields": {
      "balance": "1500.00",
      "currency": "RUB",
      "user": 2
    }
  },
  {
    "model": "personal_account.balance",
    "pk": 3,
    "fields": {
      "balance": "10000.00",
      "currency": "RUB",
      "user": 3
    }
  },
  {
    "model": "personal_account.balance",
    "pk": 4,
    "fields": {
      "balance": "5000.00",
      "currency": "RUB",
      "user": 4
    }
  }
]