--
-- PostgreSQL database dump
--

-- Dumped from database version 14.12 (Ubuntu 14.12-0ubuntu0.22.04.1)
-- Dumped by pg_dump version 14.12 (Ubuntu 14.12-0ubuntu0.22.04.1)

-- Started on 2024-07-30 19:54:07 MSK

SET statement_timeout = 0;
SET lock_timeout = 0;
SET idle_in_transaction_session_timeout = 0;
SET client_encoding = 'UTF8';
SET standard_conforming_strings = on;
SELECT pg_catalog.set_config('search_path', '', false);
SET check_function_bodies = false;
SET xmloption = content;
SET client_min_messages = warning;
SET row_security = off;

--
-- TOC entry 4 (class 2615 OID 2200)
-- Name: public; Type: SCHEMA; Schema: -; Owner: postgres
--

CREATE SCHEMA public;


ALTER SCHEMA public OWNER TO postgres;

--
-- TOC entry 4532 (class 0 OID 0)
-- Dependencies: 4
-- Name: SCHEMA public; Type: COMMENT; Schema: -; Owner: postgres
--

COMMENT ON SCHEMA public IS 'standard public schema';


SET default_tablespace = '';

SET default_table_access_method = heap;

--
-- TOC entry 246 (class 1259 OID 84066)
-- Name: ad_car; Type: TABLE; Schema: public; Owner: postgres
--

CREATE TABLE public.ad_car (
    id bigint NOT NULL,
    title character varying(150),
    created timestamp with time zone NOT NULL,
    changed timestamp with time zone NOT NULL,
    moderation boolean NOT NULL,
    by_mileage character varying NOT NULL,
    brand character varying(100) NOT NULL,
    model character varying(100) NOT NULL,
    price character varying(100) NOT NULL,
    year smallint NOT NULL,
    mileage integer NOT NULL,
    transmission character varying,
    by_wheel_drive character varying,
    engine_capacity integer,
    engine_power integer,
    fuel_consumption integer,
    location character varying(160),
    type character varying,
    colour character varying,
    fuel character varying,
    add_parametres character varying(150),
    description character varying(2000) NOT NULL,
    description_es character varying(2000),
    description_ru character varying(2000),
    description_en character varying(2000),
    category_id bigint NOT NULL,
    profile_id bigint,
    CONSTRAINT ad_car_year_check CHECK ((year >= 0))
);


ALTER TABLE public.ad_car OWNER TO postgres;

--
-- TOC entry 245 (class 1259 OID 84065)
-- Name: ad_car_id_seq; Type: SEQUENCE; Schema: public; Owner: postgres
--

ALTER TABLE public.ad_car ALTER COLUMN id ADD GENERATED BY DEFAULT AS IDENTITY (
    SEQUENCE NAME public.ad_car_id_seq
    START WITH 1
    INCREMENT BY 1
    NO MINVALUE
    NO MAXVALUE
    CACHE 1
);


--
-- TOC entry 240 (class 1259 OID 83813)
-- Name: ad_category; Type: TABLE; Schema: public; Owner: postgres
--

CREATE TABLE public.ad_category (
    id bigint NOT NULL,
    name character varying(50) NOT NULL,
    lft integer NOT NULL,
    rght integer NOT NULL,
    tree_id integer NOT NULL,
    level integer NOT NULL,
    parent_id bigint,
    CONSTRAINT ad_category_level_check CHECK ((level >= 0)),
    CONSTRAINT ad_category_lft_check CHECK ((lft >= 0)),
    CONSTRAINT ad_category_rght_check CHECK ((rght >= 0)),
    CONSTRAINT ad_category_tree_id_check CHECK ((tree_id >= 0))
);


ALTER TABLE public.ad_category OWNER TO postgres;

--
-- TOC entry 239 (class 1259 OID 83812)
-- Name: ad_category_id_seq; Type: SEQUENCE; Schema: public; Owner: postgres
--

ALTER TABLE public.ad_category ALTER COLUMN id ADD GENERATED BY DEFAULT AS IDENTITY (
    SEQUENCE NAME public.ad_category_id_seq
    START WITH 1
    INCREMENT BY 1
    NO MINVALUE
    NO MAXVALUE
    CACHE 1
);


--
-- TOC entry 244 (class 1259 OID 83872)
-- Name: ad_documents; Type: TABLE; Schema: public; Owner: postgres
--

CREATE TABLE public.ad_documents (
    id bigint NOT NULL,
    title character varying(150),
    document character varying(100) NOT NULL,
    created timestamp with time zone NOT NULL,
    auto_id bigint,
    profile_id bigint
);


ALTER TABLE public.ad_documents OWNER TO postgres;

--
-- TOC entry 243 (class 1259 OID 83871)
-- Name: ad_documents_id_seq; Type: SEQUENCE; Schema: public; Owner: postgres
--

ALTER TABLE public.ad_documents ALTER COLUMN id ADD GENERATED BY DEFAULT AS IDENTITY (
    SEQUENCE NAME public.ad_documents_id_seq
    START WITH 1
    INCREMENT BY 1
    NO MINVALUE
    NO MAXVALUE
    CACHE 1
);


--
-- TOC entry 252 (class 1259 OID 84144)
-- Name: ad_images; Type: TABLE; Schema: public; Owner: postgres
--

CREATE TABLE public.ad_images (
    id bigint NOT NULL,
    title character varying(150),
    image character varying(100) NOT NULL,
    created timestamp with time zone NOT NULL,
    changed timestamp with time zone NOT NULL,
    object_id integer NOT NULL,
    content_type_id integer NOT NULL,
    profile_id bigint,
    CONSTRAINT ad_images_object_id_check CHECK ((object_id >= 0))
);


ALTER TABLE public.ad_images OWNER TO postgres;

--
-- TOC entry 251 (class 1259 OID 84143)
-- Name: ad_images_id_seq; Type: SEQUENCE; Schema: public; Owner: postgres
--

ALTER TABLE public.ad_images ALTER COLUMN id ADD GENERATED BY DEFAULT AS IDENTITY (
    SEQUENCE NAME public.ad_images_id_seq
    START WITH 1
    INCREMENT BY 1
    NO MINVALUE
    NO MAXVALUE
    CACHE 1
);


--
-- TOC entry 242 (class 1259 OID 83841)
-- Name: ad_ip; Type: TABLE; Schema: public; Owner: postgres
--

CREATE TABLE public.ad_ip (
    id bigint NOT NULL,
    ip character varying(100) NOT NULL,
    auto_id bigint,
    profile_id bigint
);


ALTER TABLE public.ad_ip OWNER TO postgres;

--
-- TOC entry 241 (class 1259 OID 83840)
-- Name: ad_ip_id_seq; Type: SEQUENCE; Schema: public; Owner: postgres
--

ALTER TABLE public.ad_ip ALTER COLUMN id ADD GENERATED BY DEFAULT AS IDENTITY (
    SEQUENCE NAME public.ad_ip_id_seq
    START WITH 1
    INCREMENT BY 1
    NO MINVALUE
    NO MAXVALUE
    CACHE 1
);


--
-- TOC entry 248 (class 1259 OID 84112)
-- Name: ad_like; Type: TABLE; Schema: public; Owner: postgres
--

CREATE TABLE public.ad_like (
    id bigint NOT NULL,
    is_liked boolean NOT NULL,
    created timestamp with time zone NOT NULL,
    object_id integer NOT NULL,
    content_type_id integer NOT NULL,
    user_id bigint NOT NULL,
    CONSTRAINT ad_like_object_id_check CHECK ((object_id >= 0))
);


ALTER TABLE public.ad_like OWNER TO postgres;

--
-- TOC entry 247 (class 1259 OID 84111)
-- Name: ad_like_id_seq; Type: SEQUENCE; Schema: public; Owner: postgres
--

ALTER TABLE public.ad_like ALTER COLUMN id ADD GENERATED BY DEFAULT AS IDENTITY (
    SEQUENCE NAME public.ad_like_id_seq
    START WITH 1
    INCREMENT BY 1
    NO MINVALUE
    NO MAXVALUE
    CACHE 1
);


--
-- TOC entry 250 (class 1259 OID 84131)
-- Name: ad_promotion; Type: TABLE; Schema: public; Owner: postgres
--

CREATE TABLE public.ad_promotion (
    id bigint NOT NULL,
    created timestamp with time zone NOT NULL,
    changed timestamp with time zone NOT NULL,
    object_id integer NOT NULL,
    content_type_id integer NOT NULL,
    time_paied timestamp with time zone NOT NULL,
    CONSTRAINT ad_promotion_object_id_check CHECK ((object_id >= 0))
);


ALTER TABLE public.ad_promotion OWNER TO postgres;

--
-- TOC entry 249 (class 1259 OID 84130)
-- Name: ad_promotion_id_seq; Type: SEQUENCE; Schema: public; Owner: postgres
--

ALTER TABLE public.ad_promotion ALTER COLUMN id ADD GENERATED BY DEFAULT AS IDENTITY (
    SEQUENCE NAME public.ad_promotion_id_seq
    START WITH 1
    INCREMENT BY 1
    NO MINVALUE
    NO MAXVALUE
    CACHE 1
);


--
-- TOC entry 222 (class 1259 OID 83621)
-- Name: auth_group; Type: TABLE; Schema: public; Owner: postgres
--

CREATE TABLE public.auth_group (
    id integer NOT NULL,
    name character varying(150) NOT NULL
);


ALTER TABLE public.auth_group OWNER TO postgres;

--
-- TOC entry 221 (class 1259 OID 83620)
-- Name: auth_group_id_seq; Type: SEQUENCE; Schema: public; Owner: postgres
--

ALTER TABLE public.auth_group ALTER COLUMN id ADD GENERATED BY DEFAULT AS IDENTITY (
    SEQUENCE NAME public.auth_group_id_seq
    START WITH 1
    INCREMENT BY 1
    NO MINVALUE
    NO MAXVALUE
    CACHE 1
);


--
-- TOC entry 224 (class 1259 OID 83629)
-- Name: auth_group_permissions; Type: TABLE; Schema: public; Owner: postgres
--

CREATE TABLE public.auth_group_permissions (
    id bigint NOT NULL,
    group_id integer NOT NULL,
    permission_id integer NOT NULL
);


ALTER TABLE public.auth_group_permissions OWNER TO postgres;

--
-- TOC entry 223 (class 1259 OID 83628)
-- Name: auth_group_permissions_id_seq; Type: SEQUENCE; Schema: public; Owner: postgres
--

ALTER TABLE public.auth_group_permissions ALTER COLUMN id ADD GENERATED BY DEFAULT AS IDENTITY (
    SEQUENCE NAME public.auth_group_permissions_id_seq
    START WITH 1
    INCREMENT BY 1
    NO MINVALUE
    NO MAXVALUE
    CACHE 1
);


--
-- TOC entry 220 (class 1259 OID 83615)
-- Name: auth_permission; Type: TABLE; Schema: public; Owner: postgres
--

CREATE TABLE public.auth_permission (
    id integer NOT NULL,
    name character varying(255) NOT NULL,
    content_type_id integer NOT NULL,
    codename character varying(100) NOT NULL
);


ALTER TABLE public.auth_permission OWNER TO postgres;

--
-- TOC entry 219 (class 1259 OID 83614)
-- Name: auth_permission_id_seq; Type: SEQUENCE; Schema: public; Owner: postgres
--

ALTER TABLE public.auth_permission ALTER COLUMN id ADD GENERATED BY DEFAULT AS IDENTITY (
    SEQUENCE NAME public.auth_permission_id_seq
    START WITH 1
    INCREMENT BY 1
    NO MINVALUE
    NO MAXVALUE
    CACHE 1
);


--
-- TOC entry 254 (class 1259 OID 84225)
-- Name: django_admin_log; Type: TABLE; Schema: public; Owner: postgres
--

CREATE TABLE public.django_admin_log (
    id integer NOT NULL,
    action_time timestamp with time zone NOT NULL,
    object_id text,
    object_repr character varying(200) NOT NULL,
    action_flag smallint NOT NULL,
    change_message text NOT NULL,
    content_type_id integer,
    user_id bigint NOT NULL,
    CONSTRAINT django_admin_log_action_flag_check CHECK ((action_flag >= 0))
);


ALTER TABLE public.django_admin_log OWNER TO postgres;

--
-- TOC entry 253 (class 1259 OID 84224)
-- Name: django_admin_log_id_seq; Type: SEQUENCE; Schema: public; Owner: postgres
--

ALTER TABLE public.django_admin_log ALTER COLUMN id ADD GENERATED BY DEFAULT AS IDENTITY (
    SEQUENCE NAME public.django_admin_log_id_seq
    START WITH 1
    INCREMENT BY 1
    NO MINVALUE
    NO MAXVALUE
    CACHE 1
);


--
-- TOC entry 218 (class 1259 OID 83607)
-- Name: django_content_type; Type: TABLE; Schema: public; Owner: postgres
--

CREATE TABLE public.django_content_type (
    id integer NOT NULL,
    app_label character varying(100) NOT NULL,
    model character varying(100) NOT NULL
);


ALTER TABLE public.django_content_type OWNER TO postgres;

--
-- TOC entry 217 (class 1259 OID 83606)
-- Name: django_content_type_id_seq; Type: SEQUENCE; Schema: public; Owner: postgres
--

ALTER TABLE public.django_content_type ALTER COLUMN id ADD GENERATED BY DEFAULT AS IDENTITY (
    SEQUENCE NAME public.django_content_type_id_seq
    START WITH 1
    INCREMENT BY 1
    NO MINVALUE
    NO MAXVALUE
    CACHE 1
);


--
-- TOC entry 216 (class 1259 OID 83599)
-- Name: django_migrations; Type: TABLE; Schema: public; Owner: postgres
--

CREATE TABLE public.django_migrations (
    id bigint NOT NULL,
    app character varying(255) NOT NULL,
    name character varying(255) NOT NULL,
    applied timestamp with time zone NOT NULL
);


ALTER TABLE public.django_migrations OWNER TO postgres;

--
-- TOC entry 215 (class 1259 OID 83598)
-- Name: django_migrations_id_seq; Type: SEQUENCE; Schema: public; Owner: postgres
--

ALTER TABLE public.django_migrations ALTER COLUMN id ADD GENERATED BY DEFAULT AS IDENTITY (
    SEQUENCE NAME public.django_migrations_id_seq
    START WITH 1
    INCREMENT BY 1
    NO MINVALUE
    NO MAXVALUE
    CACHE 1
);


--
-- TOC entry 255 (class 1259 OID 84245)
-- Name: django_session; Type: TABLE; Schema: public; Owner: postgres
--

CREATE TABLE public.django_session (
    session_key character varying(40) NOT NULL,
    session_data text NOT NULL,
    expire_date timestamp with time zone NOT NULL
);


ALTER TABLE public.django_session OWNER TO postgres;

--
-- TOC entry 257 (class 1259 OID 84255)
-- Name: django_site; Type: TABLE; Schema: public; Owner: postgres
--

CREATE TABLE public.django_site (
    id integer NOT NULL,
    domain character varying(100) NOT NULL,
    name character varying(50) NOT NULL
);


ALTER TABLE public.django_site OWNER TO postgres;

--
-- TOC entry 256 (class 1259 OID 84254)
-- Name: django_site_id_seq; Type: SEQUENCE; Schema: public; Owner: postgres
--

ALTER TABLE public.django_site ALTER COLUMN id ADD GENERATED BY DEFAULT AS IDENTITY (
    SEQUENCE NAME public.django_site_id_seq
    START WITH 1
    INCREMENT BY 1
    NO MINVALUE
    NO MAXVALUE
    CACHE 1
);


--
-- TOC entry 236 (class 1259 OID 83773)
-- Name: map_marker; Type: TABLE; Schema: public; Owner: postgres
--

CREATE TABLE public.map_marker (
    id bigint NOT NULL,
    name character varying(255) NOT NULL,
    location public.geometry(Point,4326) NOT NULL
);


ALTER TABLE public.map_marker OWNER TO postgres;

--
-- TOC entry 235 (class 1259 OID 83772)
-- Name: map_marker_id_seq; Type: SEQUENCE; Schema: public; Owner: postgres
--

ALTER TABLE public.map_marker ALTER COLUMN id ADD GENERATED BY DEFAULT AS IDENTITY (
    SEQUENCE NAME public.map_marker_id_seq
    START WITH 1
    INCREMENT BY 1
    NO MINVALUE
    NO MAXVALUE
    CACHE 1
);


--
-- TOC entry 226 (class 1259 OID 83661)
-- Name: users_customuser; Type: TABLE; Schema: public; Owner: postgres
--

CREATE TABLE public.users_customuser (
    id bigint NOT NULL,
    password character varying(128) NOT NULL,
    last_login timestamp with time zone,
    is_superuser boolean NOT NULL,
    first_name character varying(150) NOT NULL,
    last_name character varying(150) NOT NULL,
    is_staff boolean NOT NULL,
    is_active boolean NOT NULL,
    date_joined timestamp with time zone NOT NULL,
    info text,
    email character varying(254) NOT NULL,
    email_ru character varying(254),
    email_en character varying(254),
    email_es character varying(254),
    is_banned boolean NOT NULL,
    changed_at timestamp with time zone NOT NULL,
    banned_at timestamp with time zone
);


ALTER TABLE public.users_customuser OWNER TO postgres;

--
-- TOC entry 228 (class 1259 OID 83679)
-- Name: users_customuser_groups; Type: TABLE; Schema: public; Owner: postgres
--

CREATE TABLE public.users_customuser_groups (
    id bigint NOT NULL,
    customuser_id bigint NOT NULL,
    group_id integer NOT NULL
);


ALTER TABLE public.users_customuser_groups OWNER TO postgres;

--
-- TOC entry 227 (class 1259 OID 83678)
-- Name: users_customuser_groups_id_seq; Type: SEQUENCE; Schema: public; Owner: postgres
--

ALTER TABLE public.users_customuser_groups ALTER COLUMN id ADD GENERATED BY DEFAULT AS IDENTITY (
    SEQUENCE NAME public.users_customuser_groups_id_seq
    START WITH 1
    INCREMENT BY 1
    NO MINVALUE
    NO MAXVALUE
    CACHE 1
);


--
-- TOC entry 225 (class 1259 OID 83660)
-- Name: users_customuser_id_seq; Type: SEQUENCE; Schema: public; Owner: postgres
--

ALTER TABLE public.users_customuser ALTER COLUMN id ADD GENERATED BY DEFAULT AS IDENTITY (
    SEQUENCE NAME public.users_customuser_id_seq
    START WITH 1
    INCREMENT BY 1
    NO MINVALUE
    NO MAXVALUE
    CACHE 1
);


--
-- TOC entry 230 (class 1259 OID 83685)
-- Name: users_customuser_user_permissions; Type: TABLE; Schema: public; Owner: postgres
--

CREATE TABLE public.users_customuser_user_permissions (
    id bigint NOT NULL,
    customuser_id bigint NOT NULL,
    permission_id integer NOT NULL
);


ALTER TABLE public.users_customuser_user_permissions OWNER TO postgres;

--
-- TOC entry 229 (class 1259 OID 83684)
-- Name: users_customuser_user_permissions_id_seq; Type: SEQUENCE; Schema: public; Owner: postgres
--

ALTER TABLE public.users_customuser_user_permissions ALTER COLUMN id ADD GENERATED BY DEFAULT AS IDENTITY (
    SEQUENCE NAME public.users_customuser_user_permissions_id_seq
    START WITH 1
    INCREMENT BY 1
    NO MINVALUE
    NO MAXVALUE
    CACHE 1
);


--
-- TOC entry 238 (class 1259 OID 83797)
-- Name: users_notification; Type: TABLE; Schema: public; Owner: postgres
--

CREATE TABLE public.users_notification (
    id bigint NOT NULL,
    text character varying(400),
    key_to_recepient character varying(50),
    user_id bigint
);


ALTER TABLE public.users_notification OWNER TO postgres;

--
-- TOC entry 237 (class 1259 OID 83796)
-- Name: users_notification_id_seq; Type: SEQUENCE; Schema: public; Owner: postgres
--

ALTER TABLE public.users_notification ALTER COLUMN id ADD GENERATED BY DEFAULT AS IDENTITY (
    SEQUENCE NAME public.users_notification_id_seq
    START WITH 1
    INCREMENT BY 1
    NO MINVALUE
    NO MAXVALUE
    CACHE 1
);


--
-- TOC entry 232 (class 1259 OID 83691)
-- Name: users_onetimecode; Type: TABLE; Schema: public; Owner: postgres
--

CREATE TABLE public.users_onetimecode (
    id bigint NOT NULL,
    code character varying(5) NOT NULL,
    count_attempts smallint NOT NULL,
    count_send_code smallint NOT NULL,
    updated_at timestamp with time zone NOT NULL,
    created_at timestamp with time zone NOT NULL,
    user_id bigint NOT NULL,
    CONSTRAINT users_onetimecode_count_attempts_check CHECK ((count_attempts >= 0)),
    CONSTRAINT users_onetimecode_count_send_code_check CHECK ((count_send_code >= 0))
);


ALTER TABLE public.users_onetimecode OWNER TO postgres;

--
-- TOC entry 231 (class 1259 OID 83690)
-- Name: users_onetimecode_id_seq; Type: SEQUENCE; Schema: public; Owner: postgres
--

ALTER TABLE public.users_onetimecode ALTER COLUMN id ADD GENERATED BY DEFAULT AS IDENTITY (
    SEQUENCE NAME public.users_onetimecode_id_seq
    START WITH 1
    INCREMENT BY 1
    NO MINVALUE
    NO MAXVALUE
    CACHE 1
);


--
-- TOC entry 234 (class 1259 OID 83701)
-- Name: users_profile; Type: TABLE; Schema: public; Owner: postgres
--

CREATE TABLE public.users_profile (
    id bigint NOT NULL,
    phone_number character varying(12) NOT NULL,
    name character varying(150) NOT NULL,
    user_id bigint NOT NULL,
    location public.geometry(Point,4326) NOT NULL
);


ALTER TABLE public.users_profile OWNER TO postgres;

--
-- TOC entry 233 (class 1259 OID 83700)
-- Name: users_profile_id_seq; Type: SEQUENCE; Schema: public; Owner: postgres
--

ALTER TABLE public.users_profile ALTER COLUMN id ADD GENERATED BY DEFAULT AS IDENTITY (
    SEQUENCE NAME public.users_profile_id_seq
    START WITH 1
    INCREMENT BY 1
    NO MINVALUE
    NO MAXVALUE
    CACHE 1
);


--
-- TOC entry 4515 (class 0 OID 84066)
-- Dependencies: 246
-- Data for Name: ad_car; Type: TABLE DATA; Schema: public; Owner: postgres
--

COPY public.ad_car (id, title, created, changed, moderation, by_mileage, brand, model, price, year, mileage, transmission, by_wheel_drive, engine_capacity, engine_power, fuel_consumption, location, type, colour, fuel, add_parametres, description, description_es, description_ru, description_en, category_id, profile_id) FROM stdin;
1	\N	2024-07-28 22:59:42.982831+03	2024-07-28 22:59:42.982847+03	f					2024	200000	AUTO	\N	\N	\N	\N	\N	\N	\N	\N	\N	Very well car	\N	Very well car	\N	1	1
2	Фото1	2024-07-30 08:46:16.014651+03	2024-07-28 22:59:42.995492+03	f	ALL	Nissan	Teana	1222	2021	2223445	MECHANICAL	\N	\N	\N	\N	\N	\N	\N	\N	\N	Much joy vehicle	\N	Much joy vehicle	\N	1	2
3	\N	2024-07-30 12:09:04.557656+03	2024-07-30 12:09:04.55771+03	f	ALL	Nissan	Teana3	111	1999	111	\N	\N	\N	\N	\N	\N	\N	\N	\N	\N		\N	\N	\N	1	1
4	\N	2024-07-30 12:25:39.645909+03	2024-07-30 12:25:39.645923+03	f	ALL	Nissan123	Teana	111	1999	111	\N	\N	\N	\N	\N	\N	\N	\N	\N	\N		\N	\N	\N	1	2
5	\N	2024-07-30 12:27:05.605097+03	2024-07-30 12:27:05.605113+03	f	ALL	Nissan123	sDFцц	111	1999	111	\N	\N	\N	\N	\N	\N	\N	\N	\N	\N		\N	\N	\N	1	2
\.


--
-- TOC entry 4509 (class 0 OID 83813)
-- Dependencies: 240
-- Data for Name: ad_category; Type: TABLE DATA; Schema: public; Owner: postgres
--

COPY public.ad_category (id, name, lft, rght, tree_id, level, parent_id) FROM stdin;
1	Транспорт	1	2	2	0	\N
3	Личные вещи	1	2	1	0	\N
4	Электроника	1	2	4	0	\N
2	Услуги	1	4	3	0	\N
5	Грузоперевозки	2	3	3	1	2
\.


--
-- TOC entry 4513 (class 0 OID 83872)
-- Dependencies: 244
-- Data for Name: ad_documents; Type: TABLE DATA; Schema: public; Owner: postgres
--

COPY public.ad_documents (id, title, document, created, auto_id, profile_id) FROM stdin;
\.


--
-- TOC entry 4521 (class 0 OID 84144)
-- Dependencies: 252
-- Data for Name: ad_images; Type: TABLE DATA; Schema: public; Owner: postgres
--

COPY public.ad_images (id, title, image, created, changed, object_id, content_type_id, profile_id) FROM stdin;
1	\N	media/images/Screenshot_from_2024-07-22_12-52-04.png	2024-07-28 22:59:42.990929+03	2024-07-28 22:59:42.990945+03	1	10	\N
2	\N	media/images/Screenshot_from_2024-07-24_10-28-11_cCIxuaC.png	2024-07-28 22:59:42.99934+03	2024-07-28 22:59:42.999358+03	2	10	\N
3	ввц	images/Screenshot_from_2024-07-26_03-29-00.png	2024-07-30 12:12:23.189159+03	2024-07-30 12:12:23.189172+03	3	10	1
4	azzzzzzzzzzz	images/44.png	2024-07-30 12:25:39.656697+03	2024-07-30 12:25:39.656712+03	4	10	2
5	11Mersedes Elk	images/Screenshot_from_2024-07-19_08-49-38.png	2024-07-30 12:27:05.617928+03	2024-07-30 12:27:05.617948+03	5	10	2
\.


--
-- TOC entry 4511 (class 0 OID 83841)
-- Dependencies: 242
-- Data for Name: ad_ip; Type: TABLE DATA; Schema: public; Owner: postgres
--

COPY public.ad_ip (id, ip, auto_id, profile_id) FROM stdin;
1	123	\N	1
2	234	\N	2
\.


--
-- TOC entry 4517 (class 0 OID 84112)
-- Dependencies: 248
-- Data for Name: ad_like; Type: TABLE DATA; Schema: public; Owner: postgres
--

COPY public.ad_like (id, is_liked, created, object_id, content_type_id, user_id) FROM stdin;
\.


--
-- TOC entry 4519 (class 0 OID 84131)
-- Dependencies: 250
-- Data for Name: ad_promotion; Type: TABLE DATA; Schema: public; Owner: postgres
--

COPY public.ad_promotion (id, created, changed, object_id, content_type_id, time_paied) FROM stdin;
1	2024-07-28 23:00:03.26492+03	2024-07-28 23:00:03.264937+03	1	10	2024-07-31 23:00:03.25362+03
2	2024-07-28 23:00:03.270398+03	2024-07-28 23:00:03.270408+03	2	10	2024-07-29 23:00:03.253625+03
\.


--
-- TOC entry 4491 (class 0 OID 83621)
-- Dependencies: 222
-- Data for Name: auth_group; Type: TABLE DATA; Schema: public; Owner: postgres
--

COPY public.auth_group (id, name) FROM stdin;
\.


--
-- TOC entry 4493 (class 0 OID 83629)
-- Dependencies: 224
-- Data for Name: auth_group_permissions; Type: TABLE DATA; Schema: public; Owner: postgres
--

COPY public.auth_group_permissions (id, group_id, permission_id) FROM stdin;
\.


--
-- TOC entry 4489 (class 0 OID 83615)
-- Dependencies: 220
-- Data for Name: auth_permission; Type: TABLE DATA; Schema: public; Owner: postgres
--

COPY public.auth_permission (id, name, content_type_id, codename) FROM stdin;
1	Can add log entry	1	add_logentry
2	Can change log entry	1	change_logentry
3	Can delete log entry	1	delete_logentry
4	Can view log entry	1	view_logentry
5	Can add permission	2	add_permission
6	Can change permission	2	change_permission
7	Can delete permission	2	delete_permission
8	Can view permission	2	view_permission
9	Can add group	3	add_group
10	Can change group	3	change_group
11	Can delete group	3	delete_group
12	Can view group	3	view_group
13	Can add content type	4	add_contenttype
14	Can change content type	4	change_contenttype
15	Can delete content type	4	delete_contenttype
16	Can view content type	4	view_contenttype
17	Can add session	5	add_session
18	Can change session	5	change_session
19	Can delete session	5	delete_session
20	Can view session	5	view_session
21	Can add site	6	add_site
22	Can change site	6	change_site
23	Can delete site	6	delete_site
24	Can view site	6	view_site
25	Can add category	7	add_category
26	Can change category	7	change_category
27	Can delete category	7	delete_category
28	Can view category	7	view_category
29	Can add ip	8	add_ip
30	Can change ip	8	change_ip
31	Can delete ip	8	delete_ip
32	Can view ip	8	view_ip
33	Can add documents	9	add_documents
34	Can change documents	9	change_documents
35	Can delete documents	9	delete_documents
36	Can view documents	9	view_documents
37	Can add Automobile	10	add_car
38	Can change Automobile	10	change_car
39	Can delete Automobile	10	delete_car
40	Can view Automobile	10	view_car
41	Can add like	11	add_like
42	Can change like	11	change_like
43	Can delete like	11	delete_like
44	Can view like	11	view_like
45	Can add promotion	12	add_promotion
46	Can change promotion	12	change_promotion
47	Can delete promotion	12	delete_promotion
48	Can view promotion	12	view_promotion
49	Can add images	13	add_images
50	Can change images	13	change_images
51	Can delete images	13	delete_images
52	Can view images	13	view_images
53	Can add views	14	add_views
54	Can change views	14	change_views
55	Can delete views	14	delete_views
56	Can view views	14	view_views
57	Can add пользователь	15	add_customuser
58	Can change пользователь	15	change_customuser
59	Can delete пользователь	15	delete_customuser
60	Can view пользователь	15	view_customuser
61	Can add одноразовый код	16	add_onetimecode
62	Can change одноразовый код	16	change_onetimecode
63	Can delete одноразовый код	16	delete_onetimecode
64	Can view одноразовый код	16	view_onetimecode
65	Can add profile	17	add_profile
66	Can change profile	17	change_profile
67	Can delete profile	17	delete_profile
68	Can view profile	17	view_profile
69	Can add notification	18	add_notification
70	Can change notification	18	change_notification
71	Can delete notification	18	delete_notification
72	Can view notification	18	view_notification
73	Can add marker	19	add_marker
74	Can change marker	19	change_marker
75	Can delete marker	19	delete_marker
76	Can view marker	19	view_marker
\.


--
-- TOC entry 4523 (class 0 OID 84225)
-- Dependencies: 254
-- Data for Name: django_admin_log; Type: TABLE DATA; Schema: public; Owner: postgres
--

COPY public.django_admin_log (id, action_time, object_id, object_repr, action_flag, change_message, content_type_id, user_id) FROM stdin;
\.


--
-- TOC entry 4487 (class 0 OID 83607)
-- Dependencies: 218
-- Data for Name: django_content_type; Type: TABLE DATA; Schema: public; Owner: postgres
--

COPY public.django_content_type (id, app_label, model) FROM stdin;
1	admin	logentry
2	auth	permission
3	auth	group
4	contenttypes	contenttype
5	sessions	session
6	sites	site
7	ad	category
8	ad	ip
9	ad	documents
10	ad	car
11	ad	like
12	ad	promotion
13	ad	images
14	ad	views
15	users	customuser
16	users	onetimecode
17	users	profile
18	users	notification
19	map	marker
\.


--
-- TOC entry 4485 (class 0 OID 83599)
-- Dependencies: 216
-- Data for Name: django_migrations; Type: TABLE DATA; Schema: public; Owner: postgres
--

COPY public.django_migrations (id, app, name, applied) FROM stdin;
1	contenttypes	0001_initial	2024-07-28 22:55:09.271379+03
2	contenttypes	0002_remove_content_type_name	2024-07-28 22:55:09.296206+03
3	auth	0001_initial	2024-07-28 22:55:09.403846+03
4	auth	0002_alter_permission_name_max_length	2024-07-28 22:55:09.419835+03
5	auth	0003_alter_user_email_max_length	2024-07-28 22:55:09.437534+03
6	auth	0004_alter_user_username_opts	2024-07-28 22:55:09.455864+03
7	auth	0005_alter_user_last_login_null	2024-07-28 22:55:09.47435+03
8	auth	0006_require_contenttypes_0002	2024-07-28 22:55:09.479902+03
9	auth	0007_alter_validators_add_error_messages	2024-07-28 22:55:09.505605+03
10	auth	0008_alter_user_username_max_length	2024-07-28 22:55:09.531514+03
11	auth	0009_alter_user_last_name_max_length	2024-07-28 22:55:09.549149+03
12	auth	0010_alter_group_name_max_length	2024-07-28 22:55:09.567272+03
13	auth	0011_update_proxy_permissions	2024-07-28 22:55:09.592173+03
14	auth	0012_alter_user_first_name_max_length	2024-07-28 22:55:09.609234+03
15	users	0001_initial	2024-07-28 22:55:09.831468+03
16	users	0002_alter_customuser_username	2024-07-28 22:55:09.877944+03
17	users	0003_customuser_banned_at	2024-07-28 22:55:09.907627+03
18	users	0004_alter_onetimecode_count_attempts_and_more	2024-07-28 22:55:10.01466+03
19	users	0005_remove_customuser_is_first	2024-07-28 22:55:10.044742+03
20	users	0006_alter_customuser_managers_remove_customuser_username	2024-07-28 22:55:10.090026+03
21	users	0007_alter_profile_user	2024-07-28 22:55:10.113399+03
22	map	0001_initial	2024-07-28 22:55:10.137196+03
23	map	0002_delete_modelgis	2024-07-28 22:55:10.145525+03
24	map	0003_initial	2024-07-28 22:55:10.168406+03
25	map	0004_delete_marker	2024-07-28 22:55:10.174401+03
26	map	0005_initial	2024-07-28 22:55:10.191231+03
27	map	0006_marker_profile	2024-07-28 22:55:10.212857+03
28	map	0007_remove_marker_profile	2024-07-28 22:55:10.241308+03
29	users	0008_profile_marker_alter_profile_user	2024-07-28 22:55:10.26794+03
30	users	0009_notification	2024-07-28 22:55:10.294403+03
31	users	0010_remove_profile_marker	2024-07-28 22:55:10.31006+03
32	users	0011_profile_location	2024-07-28 22:55:10.335201+03
33	ad	0001_initial	2024-07-28 22:55:10.379318+03
34	ad	0002_advertisement_ip	2024-07-28 22:55:10.502272+03
35	ad	0003_advertisement_changed	2024-07-28 22:55:10.528795+03
36	ad	0004_rename_name_advertisement_title	2024-07-28 22:55:10.555059+03
37	ad	0005_documents_images	2024-07-28 22:55:10.678595+03
38	ad	0006_remove_documents_advertisement_and_more	2024-07-28 22:55:10.874578+03
39	ad	0007_images_moderation	2024-07-28 22:55:10.902961+03
40	ad	0008_remove_images_changed_remove_images_created_and_more	2024-07-28 22:55:11.014593+03
41	ad	0009_alter_auto_year_alter_documents_title_and_more	2024-07-28 22:55:11.053489+03
42	ad	0010_remove_images_auto	2024-07-28 22:55:11.068935+03
43	ad	0011_remove_ip_auto	2024-07-28 22:55:11.085843+03
44	ad	0012_remove_documents_auto	2024-07-28 22:55:11.111488+03
45	ad	0013_delete_auto	2024-07-28 22:55:11.118183+03
46	ad	0014_auto	2024-07-28 22:55:11.152577+03
47	ad	0015_documents_auto_images_auto_ip_auto_and_more	2024-07-28 22:55:11.210304+03
48	ad	0016_images_changed_images_created_images_profile	2024-07-28 22:55:11.267401+03
49	ad	0017_auto_description_en_auto_description_es_and_more	2024-07-28 22:55:11.341814+03
50	ad	0018_alter_auto_options	2024-07-28 22:55:11.367619+03
51	ad	0019_auto_category	2024-07-28 22:55:11.415061+03
52	ad	0020_rename_auto_car	2024-07-28 22:55:11.482216+03
53	ad	0021_alter_images_image	2024-07-28 22:55:11.49358+03
54	ad	0022_alter_images_image	2024-07-28 22:55:11.554841+03
55	ad	0023_remove_images_auto_images_car	2024-07-28 22:55:11.589798+03
56	ad	0024_alter_images_profile_card_images_card_like	2024-07-28 22:55:11.710786+03
57	ad	0025_remove_like_likes_like_is_liked	2024-07-28 22:55:11.778934+03
58	ad	0026_alter_like_card	2024-07-28 22:55:11.812936+03
59	ad	0027_remove_ip_auto_remove_images_car_and_more	2024-07-28 22:55:12.016125+03
60	ad	0028_car_documents_auto_images_car_ip_auto	2024-07-28 22:55:12.200147+03
61	ad	0029_delete_like	2024-07-28 22:55:12.20781+03
62	ad	0030_like	2024-07-28 22:55:12.279635+03
63	ad	0031_promotion	2024-07-28 22:55:12.362832+03
64	ad	0032_remove_images_car	2024-07-28 22:55:12.388669+03
65	ad	0033_delete_images	2024-07-28 22:55:12.394459+03
66	ad	0034_images	2024-07-28 22:55:12.443061+03
67	ad	0035_remove_car_marker	2024-07-28 22:55:12.464271+03
68	ad	0036_notification	2024-07-28 22:55:12.500905+03
69	ad	0037_alter_notification_key_to_recepient	2024-07-28 22:55:12.511102+03
70	ad	0038_delete_notification	2024-07-28 22:55:12.516519+03
71	ad	0039_promotion_time_paied	2024-07-28 22:55:12.525994+03
72	ad	0040_remove_car_profile_remove_documents_profile_and_more	2024-07-28 22:55:12.591378+03
73	ad	0041_car_profile_documents_profile_images_profile_and_more	2024-07-28 22:55:12.771497+03
74	ad	0042_views	2024-07-28 22:55:12.844934+03
75	ad	0043_views_car	2024-07-28 22:55:12.911523+03
76	ad	0044_alter_views_car	2024-07-28 22:55:12.974676+03
77	admin	0001_initial	2024-07-28 22:55:13.064846+03
78	admin	0002_logentry_remove_auto_add	2024-07-28 22:55:13.203298+03
79	admin	0003_logentry_add_action_flag_choices	2024-07-28 22:55:13.24319+03
80	sessions	0001_initial	2024-07-28 22:55:13.273919+03
81	sites	0001_initial	2024-07-28 22:55:13.290226+03
82	sites	0002_alter_domain_unique	2024-07-28 22:55:13.312884+03
83	ad	0045_alter_views_num_views	2024-07-28 23:02:05.701564+03
84	ad	0046_remove_views_car_views_ip	2024-07-28 23:42:59.539434+03
85	ad	0047_alter_views_ip	2024-07-28 23:50:21.360263+03
86	ad	0048_alter_views_ip	2024-07-28 23:51:19.264604+03
87	ad	0048_remove_views_ip	2024-07-29 15:36:10.016844+03
88	ad	0049_views_ip	2024-07-29 16:16:35.018151+03
89	ad	0050_remove_views_num_views	2024-07-29 16:16:45.92539+03
90	ad	0051_delete_views	2024-07-29 16:33:00.71924+03
\.


--
-- TOC entry 4524 (class 0 OID 84245)
-- Dependencies: 255
-- Data for Name: django_session; Type: TABLE DATA; Schema: public; Owner: postgres
--

COPY public.django_session (session_key, session_data, expire_date) FROM stdin;
\.


--
-- TOC entry 4526 (class 0 OID 84255)
-- Dependencies: 257
-- Data for Name: django_site; Type: TABLE DATA; Schema: public; Owner: postgres
--

COPY public.django_site (id, domain, name) FROM stdin;
1	example.com	example.com
\.


--
-- TOC entry 4505 (class 0 OID 83773)
-- Dependencies: 236
-- Data for Name: map_marker; Type: TABLE DATA; Schema: public; Owner: postgres
--

COPY public.map_marker (id, name, location) FROM stdin;
\.


--
-- TOC entry 4192 (class 0 OID 82877)
-- Dependencies: 211
-- Data for Name: spatial_ref_sys; Type: TABLE DATA; Schema: public; Owner: postgres
--

COPY public.spatial_ref_sys (srid, auth_name, auth_srid, srtext, proj4text) FROM stdin;
\.


--
-- TOC entry 4495 (class 0 OID 83661)
-- Dependencies: 226
-- Data for Name: users_customuser; Type: TABLE DATA; Schema: public; Owner: postgres
--

COPY public.users_customuser (id, password, last_login, is_superuser, first_name, last_name, is_staff, is_active, date_joined, info, email, email_ru, email_en, email_es, is_banned, changed_at, banned_at) FROM stdin;
1	pbkdf2_sha256$720000$pEFh5avWNdTY1T5wPDkL3o$0SMRE5yxh/1lv2qQiC8yyvIiRACD0JOnXac3zC3+GkM=	\N	t			t	t	2024-07-28 22:56:22.809036+03	\N	andreymazoo@mail.ru	andreymazoo@mail.ru	\N	\N	f	2024-07-28 22:56:22.81579+03	\N
2	pbkdf2_sha256$720000$KdfLVVs3bafUkh8KKTwCdM$Z7DdjWezNU16apVl0SKzWPbcURQv7GMN0RANs6bn0oc=	\N	f			t	f	2024-07-28 22:56:32.697646+03	\N	adsf@arfg.com	adsf@arfg.com	\N	\N	f	2024-07-28 22:56:32.706934+03	\N
3	pbkdf2_sha256$720000$kYHRXl2fVXspzkPVfOowlv$UTW6Jj27Je6VK94vBpMT97XQ3byUZMbU4Z7x4mZR7Ho=	\N	f			t	f	2024-07-28 22:56:32.898447+03	\N	lkgr@agr.agr	lkgr@agr.agr	\N	\N	f	2024-07-28 22:56:32.898738+03	\N
4	pbkdf2_sha256$720000$wvSmbR5xwJWaetvcFyfM0b$AGyeE904GWzO2MZBylaygDGgKnqtm/4EA4sSv6Nfm84=	\N	f			t	f	2024-07-28 22:56:33.086628+03	\N	asf1@adgf.fd	asf1@adgf.fd	\N	\N	f	2024-07-28 22:56:33.086995+03	\N
\.


--
-- TOC entry 4497 (class 0 OID 83679)
-- Dependencies: 228
-- Data for Name: users_customuser_groups; Type: TABLE DATA; Schema: public; Owner: postgres
--

COPY public.users_customuser_groups (id, customuser_id, group_id) FROM stdin;
\.


--
-- TOC entry 4499 (class 0 OID 83685)
-- Dependencies: 230
-- Data for Name: users_customuser_user_permissions; Type: TABLE DATA; Schema: public; Owner: postgres
--

COPY public.users_customuser_user_permissions (id, customuser_id, permission_id) FROM stdin;
\.


--
-- TOC entry 4507 (class 0 OID 83797)
-- Dependencies: 238
-- Data for Name: users_notification; Type: TABLE DATA; Schema: public; Owner: postgres
--

COPY public.users_notification (id, text, key_to_recepient, user_id) FROM stdin;
\.


--
-- TOC entry 4501 (class 0 OID 83691)
-- Dependencies: 232
-- Data for Name: users_onetimecode; Type: TABLE DATA; Schema: public; Owner: postgres
--

COPY public.users_onetimecode (id, code, count_attempts, count_send_code, updated_at, created_at, user_id) FROM stdin;
1	95399	0	0	2024-07-29 17:32:49.364488+03	2024-07-29 17:32:49.358656+03	4
\.


--
-- TOC entry 4503 (class 0 OID 83701)
-- Dependencies: 234
-- Data for Name: users_profile; Type: TABLE DATA; Schema: public; Owner: postgres
--

COPY public.users_profile (id, phone_number, name, user_id, location) FROM stdin;
1	+7854328954	Kirill	1	0101000020E610000000000000000037400000000000804B40
2	+78095326765	Serega	4	0101000020E610000000000000000039400000000000004C40
\.


--
-- TOC entry 4533 (class 0 OID 0)
-- Dependencies: 245
-- Name: ad_car_id_seq; Type: SEQUENCE SET; Schema: public; Owner: postgres
--

SELECT pg_catalog.setval('public.ad_car_id_seq', 5, true);


--
-- TOC entry 4534 (class 0 OID 0)
-- Dependencies: 239
-- Name: ad_category_id_seq; Type: SEQUENCE SET; Schema: public; Owner: postgres
--

SELECT pg_catalog.setval('public.ad_category_id_seq', 5, true);


--
-- TOC entry 4535 (class 0 OID 0)
-- Dependencies: 243
-- Name: ad_documents_id_seq; Type: SEQUENCE SET; Schema: public; Owner: postgres
--

SELECT pg_catalog.setval('public.ad_documents_id_seq', 1, false);


--
-- TOC entry 4536 (class 0 OID 0)
-- Dependencies: 251
-- Name: ad_images_id_seq; Type: SEQUENCE SET; Schema: public; Owner: postgres
--

SELECT pg_catalog.setval('public.ad_images_id_seq', 5, true);


--
-- TOC entry 4537 (class 0 OID 0)
-- Dependencies: 241
-- Name: ad_ip_id_seq; Type: SEQUENCE SET; Schema: public; Owner: postgres
--

SELECT pg_catalog.setval('public.ad_ip_id_seq', 2, true);


--
-- TOC entry 4538 (class 0 OID 0)
-- Dependencies: 247
-- Name: ad_like_id_seq; Type: SEQUENCE SET; Schema: public; Owner: postgres
--

SELECT pg_catalog.setval('public.ad_like_id_seq', 1, false);


--
-- TOC entry 4539 (class 0 OID 0)
-- Dependencies: 249
-- Name: ad_promotion_id_seq; Type: SEQUENCE SET; Schema: public; Owner: postgres
--

SELECT pg_catalog.setval('public.ad_promotion_id_seq', 2, true);


--
-- TOC entry 4540 (class 0 OID 0)
-- Dependencies: 221
-- Name: auth_group_id_seq; Type: SEQUENCE SET; Schema: public; Owner: postgres
--

SELECT pg_catalog.setval('public.auth_group_id_seq', 1, false);


--
-- TOC entry 4541 (class 0 OID 0)
-- Dependencies: 223
-- Name: auth_group_permissions_id_seq; Type: SEQUENCE SET; Schema: public; Owner: postgres
--

SELECT pg_catalog.setval('public.auth_group_permissions_id_seq', 1, false);


--
-- TOC entry 4542 (class 0 OID 0)
-- Dependencies: 219
-- Name: auth_permission_id_seq; Type: SEQUENCE SET; Schema: public; Owner: postgres
--

SELECT pg_catalog.setval('public.auth_permission_id_seq', 76, true);


--
-- TOC entry 4543 (class 0 OID 0)
-- Dependencies: 253
-- Name: django_admin_log_id_seq; Type: SEQUENCE SET; Schema: public; Owner: postgres
--

SELECT pg_catalog.setval('public.django_admin_log_id_seq', 1, false);


--
-- TOC entry 4544 (class 0 OID 0)
-- Dependencies: 217
-- Name: django_content_type_id_seq; Type: SEQUENCE SET; Schema: public; Owner: postgres
--

SELECT pg_catalog.setval('public.django_content_type_id_seq', 19, true);


--
-- TOC entry 4545 (class 0 OID 0)
-- Dependencies: 215
-- Name: django_migrations_id_seq; Type: SEQUENCE SET; Schema: public; Owner: postgres
--

SELECT pg_catalog.setval('public.django_migrations_id_seq', 90, true);


--
-- TOC entry 4546 (class 0 OID 0)
-- Dependencies: 256
-- Name: django_site_id_seq; Type: SEQUENCE SET; Schema: public; Owner: postgres
--

SELECT pg_catalog.setval('public.django_site_id_seq', 1, true);


--
-- TOC entry 4547 (class 0 OID 0)
-- Dependencies: 235
-- Name: map_marker_id_seq; Type: SEQUENCE SET; Schema: public; Owner: postgres
--

SELECT pg_catalog.setval('public.map_marker_id_seq', 1, false);


--
-- TOC entry 4548 (class 0 OID 0)
-- Dependencies: 227
-- Name: users_customuser_groups_id_seq; Type: SEQUENCE SET; Schema: public; Owner: postgres
--

SELECT pg_catalog.setval('public.users_customuser_groups_id_seq', 1, false);


--
-- TOC entry 4549 (class 0 OID 0)
-- Dependencies: 225
-- Name: users_customuser_id_seq; Type: SEQUENCE SET; Schema: public; Owner: postgres
--

SELECT pg_catalog.setval('public.users_customuser_id_seq', 4, true);


--
-- TOC entry 4550 (class 0 OID 0)
-- Dependencies: 229
-- Name: users_customuser_user_permissions_id_seq; Type: SEQUENCE SET; Schema: public; Owner: postgres
--

SELECT pg_catalog.setval('public.users_customuser_user_permissions_id_seq', 1, false);


--
-- TOC entry 4551 (class 0 OID 0)
-- Dependencies: 237
-- Name: users_notification_id_seq; Type: SEQUENCE SET; Schema: public; Owner: postgres
--

SELECT pg_catalog.setval('public.users_notification_id_seq', 1, false);


--
-- TOC entry 4552 (class 0 OID 0)
-- Dependencies: 231
-- Name: users_onetimecode_id_seq; Type: SEQUENCE SET; Schema: public; Owner: postgres
--

SELECT pg_catalog.setval('public.users_onetimecode_id_seq', 1, true);


--
-- TOC entry 4553 (class 0 OID 0)
-- Dependencies: 233
-- Name: users_profile_id_seq; Type: SEQUENCE SET; Schema: public; Owner: postgres
--

SELECT pg_catalog.setval('public.users_profile_id_seq', 2, true);


--
-- TOC entry 4290 (class 2606 OID 84073)
-- Name: ad_car ad_car_pkey; Type: CONSTRAINT; Schema: public; Owner: postgres
--

ALTER TABLE ONLY public.ad_car
    ADD CONSTRAINT ad_car_pkey PRIMARY KEY (id);


--
-- TOC entry 4275 (class 2606 OID 83823)
-- Name: ad_category ad_category_name_key; Type: CONSTRAINT; Schema: public; Owner: postgres
--

ALTER TABLE ONLY public.ad_category
    ADD CONSTRAINT ad_category_name_key UNIQUE (name);


--
-- TOC entry 4278 (class 2606 OID 83821)
-- Name: ad_category ad_category_pkey; Type: CONSTRAINT; Schema: public; Owner: postgres
--

ALTER TABLE ONLY public.ad_category
    ADD CONSTRAINT ad_category_pkey PRIMARY KEY (id);


--
-- TOC entry 4286 (class 2606 OID 83876)
-- Name: ad_documents ad_documents_pkey; Type: CONSTRAINT; Schema: public; Owner: postgres
--

ALTER TABLE ONLY public.ad_documents
    ADD CONSTRAINT ad_documents_pkey PRIMARY KEY (id);


--
-- TOC entry 4301 (class 2606 OID 84149)
-- Name: ad_images ad_images_pkey; Type: CONSTRAINT; Schema: public; Owner: postgres
--

ALTER TABLE ONLY public.ad_images
    ADD CONSTRAINT ad_images_pkey PRIMARY KEY (id);


--
-- TOC entry 4282 (class 2606 OID 83845)
-- Name: ad_ip ad_ip_pkey; Type: CONSTRAINT; Schema: public; Owner: postgres
--

ALTER TABLE ONLY public.ad_ip
    ADD CONSTRAINT ad_ip_pkey PRIMARY KEY (id);


--
-- TOC entry 4294 (class 2606 OID 84117)
-- Name: ad_like ad_like_pkey; Type: CONSTRAINT; Schema: public; Owner: postgres
--

ALTER TABLE ONLY public.ad_like
    ADD CONSTRAINT ad_like_pkey PRIMARY KEY (id);


--
-- TOC entry 4298 (class 2606 OID 84136)
-- Name: ad_promotion ad_promotion_pkey; Type: CONSTRAINT; Schema: public; Owner: postgres
--

ALTER TABLE ONLY public.ad_promotion
    ADD CONSTRAINT ad_promotion_pkey PRIMARY KEY (id);


--
-- TOC entry 4220 (class 2606 OID 83658)
-- Name: auth_group auth_group_name_key; Type: CONSTRAINT; Schema: public; Owner: postgres
--

ALTER TABLE ONLY public.auth_group
    ADD CONSTRAINT auth_group_name_key UNIQUE (name);


--
-- TOC entry 4225 (class 2606 OID 83644)
-- Name: auth_group_permissions auth_group_permissions_group_id_permission_id_0cd325b0_uniq; Type: CONSTRAINT; Schema: public; Owner: postgres
--

ALTER TABLE ONLY public.auth_group_permissions
    ADD CONSTRAINT auth_group_permissions_group_id_permission_id_0cd325b0_uniq UNIQUE (group_id, permission_id);


--
-- TOC entry 4228 (class 2606 OID 83633)
-- Name: auth_group_permissions auth_group_permissions_pkey; Type: CONSTRAINT; Schema: public; Owner: postgres
--

ALTER TABLE ONLY public.auth_group_permissions
    ADD CONSTRAINT auth_group_permissions_pkey PRIMARY KEY (id);


--
-- TOC entry 4222 (class 2606 OID 83625)
-- Name: auth_group auth_group_pkey; Type: CONSTRAINT; Schema: public; Owner: postgres
--

ALTER TABLE ONLY public.auth_group
    ADD CONSTRAINT auth_group_pkey PRIMARY KEY (id);


--
-- TOC entry 4215 (class 2606 OID 83635)
-- Name: auth_permission auth_permission_content_type_id_codename_01ab375a_uniq; Type: CONSTRAINT; Schema: public; Owner: postgres
--

ALTER TABLE ONLY public.auth_permission
    ADD CONSTRAINT auth_permission_content_type_id_codename_01ab375a_uniq UNIQUE (content_type_id, codename);


--
-- TOC entry 4217 (class 2606 OID 83619)
-- Name: auth_permission auth_permission_pkey; Type: CONSTRAINT; Schema: public; Owner: postgres
--

ALTER TABLE ONLY public.auth_permission
    ADD CONSTRAINT auth_permission_pkey PRIMARY KEY (id);


--
-- TOC entry 4305 (class 2606 OID 84232)
-- Name: django_admin_log django_admin_log_pkey; Type: CONSTRAINT; Schema: public; Owner: postgres
--

ALTER TABLE ONLY public.django_admin_log
    ADD CONSTRAINT django_admin_log_pkey PRIMARY KEY (id);


--
-- TOC entry 4210 (class 2606 OID 83613)
-- Name: django_content_type django_content_type_app_label_model_76bd3d3b_uniq; Type: CONSTRAINT; Schema: public; Owner: postgres
--

ALTER TABLE ONLY public.django_content_type
    ADD CONSTRAINT django_content_type_app_label_model_76bd3d3b_uniq UNIQUE (app_label, model);


--
-- TOC entry 4212 (class 2606 OID 83611)
-- Name: django_content_type django_content_type_pkey; Type: CONSTRAINT; Schema: public; Owner: postgres
--

ALTER TABLE ONLY public.django_content_type
    ADD CONSTRAINT django_content_type_pkey PRIMARY KEY (id);


--
-- TOC entry 4208 (class 2606 OID 83605)
-- Name: django_migrations django_migrations_pkey; Type: CONSTRAINT; Schema: public; Owner: postgres
--

ALTER TABLE ONLY public.django_migrations
    ADD CONSTRAINT django_migrations_pkey PRIMARY KEY (id);


--
-- TOC entry 4309 (class 2606 OID 84251)
-- Name: django_session django_session_pkey; Type: CONSTRAINT; Schema: public; Owner: postgres
--

ALTER TABLE ONLY public.django_session
    ADD CONSTRAINT django_session_pkey PRIMARY KEY (session_key);


--
-- TOC entry 4313 (class 2606 OID 84261)
-- Name: django_site django_site_domain_a2e37b91_uniq; Type: CONSTRAINT; Schema: public; Owner: postgres
--

ALTER TABLE ONLY public.django_site
    ADD CONSTRAINT django_site_domain_a2e37b91_uniq UNIQUE (domain);


--
-- TOC entry 4315 (class 2606 OID 84259)
-- Name: django_site django_site_pkey; Type: CONSTRAINT; Schema: public; Owner: postgres
--

ALTER TABLE ONLY public.django_site
    ADD CONSTRAINT django_site_pkey PRIMARY KEY (id);


--
-- TOC entry 4269 (class 2606 OID 83779)
-- Name: map_marker map_marker_pkey; Type: CONSTRAINT; Schema: public; Owner: postgres
--

ALTER TABLE ONLY public.map_marker
    ADD CONSTRAINT map_marker_pkey PRIMARY KEY (id);


--
-- TOC entry 4232 (class 2606 OID 83675)
-- Name: users_customuser users_customuser_email_en_key; Type: CONSTRAINT; Schema: public; Owner: postgres
--

ALTER TABLE ONLY public.users_customuser
    ADD CONSTRAINT users_customuser_email_en_key UNIQUE (email_en);


--
-- TOC entry 4235 (class 2606 OID 83677)
-- Name: users_customuser users_customuser_email_es_key; Type: CONSTRAINT; Schema: public; Owner: postgres
--

ALTER TABLE ONLY public.users_customuser
    ADD CONSTRAINT users_customuser_email_es_key UNIQUE (email_es);


--
-- TOC entry 4237 (class 2606 OID 83671)
-- Name: users_customuser users_customuser_email_key; Type: CONSTRAINT; Schema: public; Owner: postgres
--

ALTER TABLE ONLY public.users_customuser
    ADD CONSTRAINT users_customuser_email_key UNIQUE (email);


--
-- TOC entry 4240 (class 2606 OID 83673)
-- Name: users_customuser users_customuser_email_ru_key; Type: CONSTRAINT; Schema: public; Owner: postgres
--

ALTER TABLE ONLY public.users_customuser
    ADD CONSTRAINT users_customuser_email_ru_key UNIQUE (email_ru);


--
-- TOC entry 4245 (class 2606 OID 83716)
-- Name: users_customuser_groups users_customuser_groups_customuser_id_group_id_76b619e3_uniq; Type: CONSTRAINT; Schema: public; Owner: postgres
--

ALTER TABLE ONLY public.users_customuser_groups
    ADD CONSTRAINT users_customuser_groups_customuser_id_group_id_76b619e3_uniq UNIQUE (customuser_id, group_id);


--
-- TOC entry 4248 (class 2606 OID 83683)
-- Name: users_customuser_groups users_customuser_groups_pkey; Type: CONSTRAINT; Schema: public; Owner: postgres
--

ALTER TABLE ONLY public.users_customuser_groups
    ADD CONSTRAINT users_customuser_groups_pkey PRIMARY KEY (id);


--
-- TOC entry 4242 (class 2606 OID 83667)
-- Name: users_customuser users_customuser_pkey; Type: CONSTRAINT; Schema: public; Owner: postgres
--

ALTER TABLE ONLY public.users_customuser
    ADD CONSTRAINT users_customuser_pkey PRIMARY KEY (id);


--
-- TOC entry 4250 (class 2606 OID 83730)
-- Name: users_customuser_user_permissions users_customuser_user_pe_customuser_id_permission_7a7debf6_uniq; Type: CONSTRAINT; Schema: public; Owner: postgres
--

ALTER TABLE ONLY public.users_customuser_user_permissions
    ADD CONSTRAINT users_customuser_user_pe_customuser_id_permission_7a7debf6_uniq UNIQUE (customuser_id, permission_id);


--
-- TOC entry 4254 (class 2606 OID 83689)
-- Name: users_customuser_user_permissions users_customuser_user_permissions_pkey; Type: CONSTRAINT; Schema: public; Owner: postgres
--

ALTER TABLE ONLY public.users_customuser_user_permissions
    ADD CONSTRAINT users_customuser_user_permissions_pkey PRIMARY KEY (id);


--
-- TOC entry 4271 (class 2606 OID 83801)
-- Name: users_notification users_notification_pkey; Type: CONSTRAINT; Schema: public; Owner: postgres
--

ALTER TABLE ONLY public.users_notification
    ADD CONSTRAINT users_notification_pkey PRIMARY KEY (id);


--
-- TOC entry 4256 (class 2606 OID 83697)
-- Name: users_onetimecode users_onetimecode_pkey; Type: CONSTRAINT; Schema: public; Owner: postgres
--

ALTER TABLE ONLY public.users_onetimecode
    ADD CONSTRAINT users_onetimecode_pkey PRIMARY KEY (id);


--
-- TOC entry 4258 (class 2606 OID 83699)
-- Name: users_onetimecode users_onetimecode_user_id_key; Type: CONSTRAINT; Schema: public; Owner: postgres
--

ALTER TABLE ONLY public.users_onetimecode
    ADD CONSTRAINT users_onetimecode_user_id_key UNIQUE (user_id);


--
-- TOC entry 4262 (class 2606 OID 83707)
-- Name: users_profile users_profile_phone_number_key; Type: CONSTRAINT; Schema: public; Owner: postgres
--

ALTER TABLE ONLY public.users_profile
    ADD CONSTRAINT users_profile_phone_number_key UNIQUE (phone_number);


--
-- TOC entry 4264 (class 2606 OID 83705)
-- Name: users_profile users_profile_pkey; Type: CONSTRAINT; Schema: public; Owner: postgres
--

ALTER TABLE ONLY public.users_profile
    ADD CONSTRAINT users_profile_pkey PRIMARY KEY (id);


--
-- TOC entry 4266 (class 2606 OID 83709)
-- Name: users_profile users_profile_user_id_key; Type: CONSTRAINT; Schema: public; Owner: postgres
--

ALTER TABLE ONLY public.users_profile
    ADD CONSTRAINT users_profile_user_id_key UNIQUE (user_id);


--
-- TOC entry 4288 (class 1259 OID 84106)
-- Name: ad_car_category_id_116c44f7; Type: INDEX; Schema: public; Owner: postgres
--

CREATE INDEX ad_car_category_id_116c44f7 ON public.ad_car USING btree (category_id);


--
-- TOC entry 4291 (class 1259 OID 84195)
-- Name: ad_car_profile_id_df229d75; Type: INDEX; Schema: public; Owner: postgres
--

CREATE INDEX ad_car_profile_id_df229d75 ON public.ad_car USING btree (profile_id);


--
-- TOC entry 4273 (class 1259 OID 83829)
-- Name: ad_category_name_055e57ad_like; Type: INDEX; Schema: public; Owner: postgres
--

CREATE INDEX ad_category_name_055e57ad_like ON public.ad_category USING btree (name varchar_pattern_ops);


--
-- TOC entry 4276 (class 1259 OID 83831)
-- Name: ad_category_parent_id_beeafd43; Type: INDEX; Schema: public; Owner: postgres
--

CREATE INDEX ad_category_parent_id_beeafd43 ON public.ad_category USING btree (parent_id);


--
-- TOC entry 4279 (class 1259 OID 83830)
-- Name: ad_category_tree_id_2d923fc2; Type: INDEX; Schema: public; Owner: postgres
--

CREATE INDEX ad_category_tree_id_2d923fc2 ON public.ad_category USING btree (tree_id);


--
-- TOC entry 4284 (class 1259 OID 84108)
-- Name: ad_documents_auto_id_5b94bd18; Type: INDEX; Schema: public; Owner: postgres
--

CREATE INDEX ad_documents_auto_id_5b94bd18 ON public.ad_documents USING btree (auto_id);


--
-- TOC entry 4287 (class 1259 OID 84196)
-- Name: ad_documents_profile_id_2d579a57; Type: INDEX; Schema: public; Owner: postgres
--

CREATE INDEX ad_documents_profile_id_2d579a57 ON public.ad_documents USING btree (profile_id);


--
-- TOC entry 4299 (class 1259 OID 84160)
-- Name: ad_images_content_type_id_c205cf0d; Type: INDEX; Schema: public; Owner: postgres
--

CREATE INDEX ad_images_content_type_id_c205cf0d ON public.ad_images USING btree (content_type_id);


--
-- TOC entry 4302 (class 1259 OID 84197)
-- Name: ad_images_profile_id_0bc57fd2; Type: INDEX; Schema: public; Owner: postgres
--

CREATE INDEX ad_images_profile_id_0bc57fd2 ON public.ad_images USING btree (profile_id);


--
-- TOC entry 4280 (class 1259 OID 84110)
-- Name: ad_ip_auto_id_a54e7a47; Type: INDEX; Schema: public; Owner: postgres
--

CREATE INDEX ad_ip_auto_id_a54e7a47 ON public.ad_ip USING btree (auto_id);


--
-- TOC entry 4283 (class 1259 OID 84198)
-- Name: ad_ip_profile_id_a9fa9500; Type: INDEX; Schema: public; Owner: postgres
--

CREATE INDEX ad_ip_profile_id_a9fa9500 ON public.ad_ip USING btree (profile_id);


--
-- TOC entry 4292 (class 1259 OID 84128)
-- Name: ad_like_content_type_id_dbabb529; Type: INDEX; Schema: public; Owner: postgres
--

CREATE INDEX ad_like_content_type_id_dbabb529 ON public.ad_like USING btree (content_type_id);


--
-- TOC entry 4295 (class 1259 OID 84129)
-- Name: ad_like_user_id_03367693; Type: INDEX; Schema: public; Owner: postgres
--

CREATE INDEX ad_like_user_id_03367693 ON public.ad_like USING btree (user_id);


--
-- TOC entry 4296 (class 1259 OID 84142)
-- Name: ad_promotion_content_type_id_4bf4405d; Type: INDEX; Schema: public; Owner: postgres
--

CREATE INDEX ad_promotion_content_type_id_4bf4405d ON public.ad_promotion USING btree (content_type_id);


--
-- TOC entry 4218 (class 1259 OID 83659)
-- Name: auth_group_name_a6ea08ec_like; Type: INDEX; Schema: public; Owner: postgres
--

CREATE INDEX auth_group_name_a6ea08ec_like ON public.auth_group USING btree (name varchar_pattern_ops);


--
-- TOC entry 4223 (class 1259 OID 83655)
-- Name: auth_group_permissions_group_id_b120cbf9; Type: INDEX; Schema: public; Owner: postgres
--

CREATE INDEX auth_group_permissions_group_id_b120cbf9 ON public.auth_group_permissions USING btree (group_id);


--
-- TOC entry 4226 (class 1259 OID 83656)
-- Name: auth_group_permissions_permission_id_84c5c92e; Type: INDEX; Schema: public; Owner: postgres
--

CREATE INDEX auth_group_permissions_permission_id_84c5c92e ON public.auth_group_permissions USING btree (permission_id);


--
-- TOC entry 4213 (class 1259 OID 83641)
-- Name: auth_permission_content_type_id_2f476e4b; Type: INDEX; Schema: public; Owner: postgres
--

CREATE INDEX auth_permission_content_type_id_2f476e4b ON public.auth_permission USING btree (content_type_id);


--
-- TOC entry 4303 (class 1259 OID 84243)
-- Name: django_admin_log_content_type_id_c4bce8eb; Type: INDEX; Schema: public; Owner: postgres
--

CREATE INDEX django_admin_log_content_type_id_c4bce8eb ON public.django_admin_log USING btree (content_type_id);


--
-- TOC entry 4306 (class 1259 OID 84244)
-- Name: django_admin_log_user_id_c564eba6; Type: INDEX; Schema: public; Owner: postgres
--

CREATE INDEX django_admin_log_user_id_c564eba6 ON public.django_admin_log USING btree (user_id);


--
-- TOC entry 4307 (class 1259 OID 84253)
-- Name: django_session_expire_date_a5c62663; Type: INDEX; Schema: public; Owner: postgres
--

CREATE INDEX django_session_expire_date_a5c62663 ON public.django_session USING btree (expire_date);


--
-- TOC entry 4310 (class 1259 OID 84252)
-- Name: django_session_session_key_c0390e0f_like; Type: INDEX; Schema: public; Owner: postgres
--

CREATE INDEX django_session_session_key_c0390e0f_like ON public.django_session USING btree (session_key varchar_pattern_ops);


--
-- TOC entry 4311 (class 1259 OID 84262)
-- Name: django_site_domain_a2e37b91_like; Type: INDEX; Schema: public; Owner: postgres
--

CREATE INDEX django_site_domain_a2e37b91_like ON public.django_site USING btree (domain varchar_pattern_ops);


--
-- TOC entry 4267 (class 1259 OID 83780)
-- Name: map_marker_location_b1ee7a0e_id; Type: INDEX; Schema: public; Owner: postgres
--

CREATE INDEX map_marker_location_b1ee7a0e_id ON public.map_marker USING gist (location);


--
-- TOC entry 4229 (class 1259 OID 83711)
-- Name: users_customuser_email_6445acef_like; Type: INDEX; Schema: public; Owner: postgres
--

CREATE INDEX users_customuser_email_6445acef_like ON public.users_customuser USING btree (email varchar_pattern_ops);


--
-- TOC entry 4230 (class 1259 OID 83713)
-- Name: users_customuser_email_en_adf2d00f_like; Type: INDEX; Schema: public; Owner: postgres
--

CREATE INDEX users_customuser_email_en_adf2d00f_like ON public.users_customuser USING btree (email_en varchar_pattern_ops);


--
-- TOC entry 4233 (class 1259 OID 83714)
-- Name: users_customuser_email_es_c8bf3c26_like; Type: INDEX; Schema: public; Owner: postgres
--

CREATE INDEX users_customuser_email_es_c8bf3c26_like ON public.users_customuser USING btree (email_es varchar_pattern_ops);


--
-- TOC entry 4238 (class 1259 OID 83712)
-- Name: users_customuser_email_ru_85d1446b_like; Type: INDEX; Schema: public; Owner: postgres
--

CREATE INDEX users_customuser_email_ru_85d1446b_like ON public.users_customuser USING btree (email_ru varchar_pattern_ops);


--
-- TOC entry 4243 (class 1259 OID 83727)
-- Name: users_customuser_groups_customuser_id_958147bf; Type: INDEX; Schema: public; Owner: postgres
--

CREATE INDEX users_customuser_groups_customuser_id_958147bf ON public.users_customuser_groups USING btree (customuser_id);


--
-- TOC entry 4246 (class 1259 OID 83728)
-- Name: users_customuser_groups_group_id_01390b14; Type: INDEX; Schema: public; Owner: postgres
--

CREATE INDEX users_customuser_groups_group_id_01390b14 ON public.users_customuser_groups USING btree (group_id);


--
-- TOC entry 4251 (class 1259 OID 83741)
-- Name: users_customuser_user_permissions_customuser_id_5771478b; Type: INDEX; Schema: public; Owner: postgres
--

CREATE INDEX users_customuser_user_permissions_customuser_id_5771478b ON public.users_customuser_user_permissions USING btree (customuser_id);


--
-- TOC entry 4252 (class 1259 OID 83742)
-- Name: users_customuser_user_permissions_permission_id_baaa2f74; Type: INDEX; Schema: public; Owner: postgres
--

CREATE INDEX users_customuser_user_permissions_permission_id_baaa2f74 ON public.users_customuser_user_permissions USING btree (permission_id);


--
-- TOC entry 4272 (class 1259 OID 83807)
-- Name: users_notification_user_id_fed360c8; Type: INDEX; Schema: public; Owner: postgres
--

CREATE INDEX users_notification_user_id_fed360c8 ON public.users_notification USING btree (user_id);


--
-- TOC entry 4259 (class 1259 OID 83811)
-- Name: users_profile_location_6acc1c17_id; Type: INDEX; Schema: public; Owner: postgres
--

CREATE INDEX users_profile_location_6acc1c17_id ON public.users_profile USING gist (location);


--
-- TOC entry 4260 (class 1259 OID 83753)
-- Name: users_profile_phone_number_14c02636_like; Type: INDEX; Schema: public; Owner: postgres
--

CREATE INDEX users_profile_phone_number_14c02636_like ON public.users_profile USING btree (phone_number varchar_pattern_ops);


--
-- TOC entry 4331 (class 2606 OID 84091)
-- Name: ad_car ad_car_category_id_116c44f7_fk_ad_category_id; Type: FK CONSTRAINT; Schema: public; Owner: postgres
--

ALTER TABLE ONLY public.ad_car
    ADD CONSTRAINT ad_car_category_id_116c44f7_fk_ad_category_id FOREIGN KEY (category_id) REFERENCES public.ad_category(id) DEFERRABLE INITIALLY DEFERRED;


--
-- TOC entry 4332 (class 2606 OID 84175)
-- Name: ad_car ad_car_profile_id_df229d75_fk_users_profile_id; Type: FK CONSTRAINT; Schema: public; Owner: postgres
--

ALTER TABLE ONLY public.ad_car
    ADD CONSTRAINT ad_car_profile_id_df229d75_fk_users_profile_id FOREIGN KEY (profile_id) REFERENCES public.users_profile(id) DEFERRABLE INITIALLY DEFERRED;


--
-- TOC entry 4326 (class 2606 OID 83824)
-- Name: ad_category ad_category_parent_id_beeafd43_fk_ad_category_id; Type: FK CONSTRAINT; Schema: public; Owner: postgres
--

ALTER TABLE ONLY public.ad_category
    ADD CONSTRAINT ad_category_parent_id_beeafd43_fk_ad_category_id FOREIGN KEY (parent_id) REFERENCES public.ad_category(id) DEFERRABLE INITIALLY DEFERRED;


--
-- TOC entry 4329 (class 2606 OID 84076)
-- Name: ad_documents ad_documents_auto_id_5b94bd18_fk_ad_car_id; Type: FK CONSTRAINT; Schema: public; Owner: postgres
--

ALTER TABLE ONLY public.ad_documents
    ADD CONSTRAINT ad_documents_auto_id_5b94bd18_fk_ad_car_id FOREIGN KEY (auto_id) REFERENCES public.ad_car(id) DEFERRABLE INITIALLY DEFERRED;


--
-- TOC entry 4330 (class 2606 OID 84180)
-- Name: ad_documents ad_documents_profile_id_2d579a57_fk_users_profile_id; Type: FK CONSTRAINT; Schema: public; Owner: postgres
--

ALTER TABLE ONLY public.ad_documents
    ADD CONSTRAINT ad_documents_profile_id_2d579a57_fk_users_profile_id FOREIGN KEY (profile_id) REFERENCES public.users_profile(id) DEFERRABLE INITIALLY DEFERRED;


--
-- TOC entry 4336 (class 2606 OID 84150)
-- Name: ad_images ad_images_content_type_id_c205cf0d_fk_django_content_type_id; Type: FK CONSTRAINT; Schema: public; Owner: postgres
--

ALTER TABLE ONLY public.ad_images
    ADD CONSTRAINT ad_images_content_type_id_c205cf0d_fk_django_content_type_id FOREIGN KEY (content_type_id) REFERENCES public.django_content_type(id) DEFERRABLE INITIALLY DEFERRED;


--
-- TOC entry 4337 (class 2606 OID 84185)
-- Name: ad_images ad_images_profile_id_0bc57fd2_fk_users_profile_id; Type: FK CONSTRAINT; Schema: public; Owner: postgres
--

ALTER TABLE ONLY public.ad_images
    ADD CONSTRAINT ad_images_profile_id_0bc57fd2_fk_users_profile_id FOREIGN KEY (profile_id) REFERENCES public.users_profile(id) DEFERRABLE INITIALLY DEFERRED;


--
-- TOC entry 4327 (class 2606 OID 84086)
-- Name: ad_ip ad_ip_auto_id_a54e7a47_fk_ad_car_id; Type: FK CONSTRAINT; Schema: public; Owner: postgres
--

ALTER TABLE ONLY public.ad_ip
    ADD CONSTRAINT ad_ip_auto_id_a54e7a47_fk_ad_car_id FOREIGN KEY (auto_id) REFERENCES public.ad_car(id) DEFERRABLE INITIALLY DEFERRED;


--
-- TOC entry 4328 (class 2606 OID 84190)
-- Name: ad_ip ad_ip_profile_id_a9fa9500_fk_users_profile_id; Type: FK CONSTRAINT; Schema: public; Owner: postgres
--

ALTER TABLE ONLY public.ad_ip
    ADD CONSTRAINT ad_ip_profile_id_a9fa9500_fk_users_profile_id FOREIGN KEY (profile_id) REFERENCES public.users_profile(id) DEFERRABLE INITIALLY DEFERRED;


--
-- TOC entry 4333 (class 2606 OID 84118)
-- Name: ad_like ad_like_content_type_id_dbabb529_fk_django_content_type_id; Type: FK CONSTRAINT; Schema: public; Owner: postgres
--

ALTER TABLE ONLY public.ad_like
    ADD CONSTRAINT ad_like_content_type_id_dbabb529_fk_django_content_type_id FOREIGN KEY (content_type_id) REFERENCES public.django_content_type(id) DEFERRABLE INITIALLY DEFERRED;


--
-- TOC entry 4334 (class 2606 OID 84123)
-- Name: ad_like ad_like_user_id_03367693_fk_users_customuser_id; Type: FK CONSTRAINT; Schema: public; Owner: postgres
--

ALTER TABLE ONLY public.ad_like
    ADD CONSTRAINT ad_like_user_id_03367693_fk_users_customuser_id FOREIGN KEY (user_id) REFERENCES public.users_customuser(id) DEFERRABLE INITIALLY DEFERRED;


--
-- TOC entry 4335 (class 2606 OID 84137)
-- Name: ad_promotion ad_promotion_content_type_id_4bf4405d_fk_django_content_type_id; Type: FK CONSTRAINT; Schema: public; Owner: postgres
--

ALTER TABLE ONLY public.ad_promotion
    ADD CONSTRAINT ad_promotion_content_type_id_4bf4405d_fk_django_content_type_id FOREIGN KEY (content_type_id) REFERENCES public.django_content_type(id) DEFERRABLE INITIALLY DEFERRED;


--
-- TOC entry 4318 (class 2606 OID 83650)
-- Name: auth_group_permissions auth_group_permissio_permission_id_84c5c92e_fk_auth_perm; Type: FK CONSTRAINT; Schema: public; Owner: postgres
--

ALTER TABLE ONLY public.auth_group_permissions
    ADD CONSTRAINT auth_group_permissio_permission_id_84c5c92e_fk_auth_perm FOREIGN KEY (permission_id) REFERENCES public.auth_permission(id) DEFERRABLE INITIALLY DEFERRED;


--
-- TOC entry 4317 (class 2606 OID 83645)
-- Name: auth_group_permissions auth_group_permissions_group_id_b120cbf9_fk_auth_group_id; Type: FK CONSTRAINT; Schema: public; Owner: postgres
--

ALTER TABLE ONLY public.auth_group_permissions
    ADD CONSTRAINT auth_group_permissions_group_id_b120cbf9_fk_auth_group_id FOREIGN KEY (group_id) REFERENCES public.auth_group(id) DEFERRABLE INITIALLY DEFERRED;


--
-- TOC entry 4316 (class 2606 OID 83636)
-- Name: auth_permission auth_permission_content_type_id_2f476e4b_fk_django_co; Type: FK CONSTRAINT; Schema: public; Owner: postgres
--

ALTER TABLE ONLY public.auth_permission
    ADD CONSTRAINT auth_permission_content_type_id_2f476e4b_fk_django_co FOREIGN KEY (content_type_id) REFERENCES public.django_content_type(id) DEFERRABLE INITIALLY DEFERRED;


--
-- TOC entry 4338 (class 2606 OID 84233)
-- Name: django_admin_log django_admin_log_content_type_id_c4bce8eb_fk_django_co; Type: FK CONSTRAINT; Schema: public; Owner: postgres
--

ALTER TABLE ONLY public.django_admin_log
    ADD CONSTRAINT django_admin_log_content_type_id_c4bce8eb_fk_django_co FOREIGN KEY (content_type_id) REFERENCES public.django_content_type(id) DEFERRABLE INITIALLY DEFERRED;


--
-- TOC entry 4339 (class 2606 OID 84238)
-- Name: django_admin_log django_admin_log_user_id_c564eba6_fk_users_customuser_id; Type: FK CONSTRAINT; Schema: public; Owner: postgres
--

ALTER TABLE ONLY public.django_admin_log
    ADD CONSTRAINT django_admin_log_user_id_c564eba6_fk_users_customuser_id FOREIGN KEY (user_id) REFERENCES public.users_customuser(id) DEFERRABLE INITIALLY DEFERRED;


--
-- TOC entry 4319 (class 2606 OID 83717)
-- Name: users_customuser_groups users_customuser_gro_customuser_id_958147bf_fk_users_cus; Type: FK CONSTRAINT; Schema: public; Owner: postgres
--

ALTER TABLE ONLY public.users_customuser_groups
    ADD CONSTRAINT users_customuser_gro_customuser_id_958147bf_fk_users_cus FOREIGN KEY (customuser_id) REFERENCES public.users_customuser(id) DEFERRABLE INITIALLY DEFERRED;


--
-- TOC entry 4320 (class 2606 OID 83722)
-- Name: users_customuser_groups users_customuser_groups_group_id_01390b14_fk_auth_group_id; Type: FK CONSTRAINT; Schema: public; Owner: postgres
--

ALTER TABLE ONLY public.users_customuser_groups
    ADD CONSTRAINT users_customuser_groups_group_id_01390b14_fk_auth_group_id FOREIGN KEY (group_id) REFERENCES public.auth_group(id) DEFERRABLE INITIALLY DEFERRED;


--
-- TOC entry 4321 (class 2606 OID 83731)
-- Name: users_customuser_user_permissions users_customuser_use_customuser_id_5771478b_fk_users_cus; Type: FK CONSTRAINT; Schema: public; Owner: postgres
--

ALTER TABLE ONLY public.users_customuser_user_permissions
    ADD CONSTRAINT users_customuser_use_customuser_id_5771478b_fk_users_cus FOREIGN KEY (customuser_id) REFERENCES public.users_customuser(id) DEFERRABLE INITIALLY DEFERRED;


--
-- TOC entry 4322 (class 2606 OID 83736)
-- Name: users_customuser_user_permissions users_customuser_use_permission_id_baaa2f74_fk_auth_perm; Type: FK CONSTRAINT; Schema: public; Owner: postgres
--

ALTER TABLE ONLY public.users_customuser_user_permissions
    ADD CONSTRAINT users_customuser_use_permission_id_baaa2f74_fk_auth_perm FOREIGN KEY (permission_id) REFERENCES public.auth_permission(id) DEFERRABLE INITIALLY DEFERRED;


--
-- TOC entry 4325 (class 2606 OID 83802)
-- Name: users_notification users_notification_user_id_fed360c8_fk_users_customuser_id; Type: FK CONSTRAINT; Schema: public; Owner: postgres
--

ALTER TABLE ONLY public.users_notification
    ADD CONSTRAINT users_notification_user_id_fed360c8_fk_users_customuser_id FOREIGN KEY (user_id) REFERENCES public.users_customuser(id) DEFERRABLE INITIALLY DEFERRED;


--
-- TOC entry 4323 (class 2606 OID 83743)
-- Name: users_onetimecode users_onetimecode_user_id_58be9f35_fk_users_customuser_id; Type: FK CONSTRAINT; Schema: public; Owner: postgres
--

ALTER TABLE ONLY public.users_onetimecode
    ADD CONSTRAINT users_onetimecode_user_id_58be9f35_fk_users_customuser_id FOREIGN KEY (user_id) REFERENCES public.users_customuser(id) DEFERRABLE INITIALLY DEFERRED;


--
-- TOC entry 4324 (class 2606 OID 83748)
-- Name: users_profile users_profile_user_id_2112e78d_fk_users_customuser_id; Type: FK CONSTRAINT; Schema: public; Owner: postgres
--

ALTER TABLE ONLY public.users_profile
    ADD CONSTRAINT users_profile_user_id_2112e78d_fk_users_customuser_id FOREIGN KEY (user_id) REFERENCES public.users_customuser(id) DEFERRABLE INITIALLY DEFERRED;


-- Completed on 2024-07-30 19:54:07 MSK

--
-- PostgreSQL database dump complete
--

